MoleculeID,SMILES,Target,y_true,y_pred,error,abs_error
CHEMBL3828208,CN1CCN(CCOc2ccc(-n3c4c(c5ccc(O)cc5c3=O)C(=O)c3cc(O)ccc3-4)cc2)CC1,4.97469413473523,4.97469413473523,5.715036360414319,0.7403422256790897,0.7403422256790897
CHEMBL3774774,Cc1c(O)ccc2c1CCN(CC(C)C)[C@@H]2c1ccc(/C=C/C(=O)O)cc1,6.214670164989233,6.214670164989233,6.8550722583713,0.6404020933820673,0.6404020933820673
CHEMBL5071091,Cn1cc(NC(=O)c2cc(NC(=O)CCS(C)(=O)=O)cn2C)cc1C(=O)NCC(=O)NCCCCCC[C@@H]1Cc2cc(O)ccc2[C@H]2CC[C@]3(C)[C@@H](O)CC[C@H]3[C@H]12,9.00436480540245,9.00436480540245,8.247567583859412,-0.756797221543037,0.756797221543037
CHEMBL5094540,CCC(=C(c1ccc(O)cc1)c1ccc(/C=C/C(=O)NCCCCCCNC(=O)CCc2nc3cc(O)ccc3[nH]2)cc1)c1ccccc1,8.467245621007502,8.467245621007502,8.008840512165374,-0.45840510884212726,0.45840510884212726
CHEMBL1580991,CCN1CCc2nc(NC(=O)Cc3ccc4c(c3)OCCO4)sc2C1,4.540944824610763,4.540944824610763,4.7867444245388615,0.2457995999280982,0.2457995999280982
CHEMBL3774642,CCCCCCCCCC(=O)Oc1ccc(/C(=C(/C)c2ccccc2)c2ccc(OCCN3CCCCC3)cc2)cc1,7.091514981121351,7.091514981121351,7.453174398904092,0.36165941778274036,0.36165941778274036
CHEMBL6162320,COc1ccc2cc([C@H](C)C(=O)N3CCC(C(=O)NCCSSCCN(C)C)CC3)ccc2c1,4.619788758288394,4.619788758288394,6.248364189298935,1.6285754310105416,1.6285754310105416
CHEMBL1548834,O=C(COC(=O)c1ccccc1Oc1ccccc1)NCc1ccco1,4.746795308640558,4.746795308640558,4.8930919829456245,0.14629667430506643,0.14629667430506643
CHEMBL4799234,C[C@@H]1Cc2c(ccc3[nH]ncc23)[C@@H](c2ncc(NC3CN(CCCF)C3)cc2F)N1CC(F)(F)CF,8.698970004336019,8.698970004336019,8.314899143129445,-0.38407086120657397,0.38407086120657397
CHEMBL1577029,O=C(Nc1cccc(-c2cn3cccnc3n2)c1)c1ccc2c(c1)OCO2,5.175600132651802,5.175600132651802,4.814965009327098,-0.3606351233247036,0.3606351233247036
CHEMBL1088631,Oc1ccc2c(c1)O[C@@H](c1ccc(OCCN3CCCCC3)cc1)C1=C2CCOc2cc(O)ccc21,8.468521082957745,8.468521082957745,8.381304422768984,-0.08721666018876029,0.08721666018876029
CHEMBL1458486,O=C(COC(=O)CCC(=O)c1cccs1)NCc1ccco1,4.9233191502567415,4.9233191502567415,4.701065395953663,-0.22225375430307892,0.22225375430307892
CHEMBL1784261,C=C1CC[C@@H](O)[C@]2(C)CC[C@@](O)(C(C)C)[C@H](O)[C@@H]12,2.552841968657781,2.552841968657781,5.9745541571667475,3.4217121885089665,3.4217121885089665
CHEMBL1341814,Cc1cc(-c2nn3c(-c4ccccc4)nnc3s2)c2ccccc2n1,4.666498517649502,4.666498517649502,5.486728711494393,0.8202301938448908,0.8202301938448908
CHEMBL3657171,N#Cc1c(-c2ccc(O)cc2)n(Cc2ccc(OCCN3CCCCC3)cc2)c2ccc(O)cc12,7.958607314841775,7.958607314841775,7.570904895814712,-0.3877024190270628,0.3877024190270628
CHEMBL219134,CCCCCCCCCCCc1c(O)cc(O)c2c1O[C@H](c1ccc(O)cc1)CC2=O,5.992679047077256,5.992679047077256,6.8774543990533035,0.8847753519760477,0.8847753519760477
CHEMBL183371,CC1(C)CCCN1CCOc1ccc([C@@H]2Oc3ccc(O)cc3S[C@@H]2c2ccc(O)cc2)cc1,9.045757490560677,9.045757490560677,8.56847251270155,-0.47728497785912616,0.47728497785912616
CHEMBL3657181,Cc1c(-c2ccc(O)cc2)n(Cc2ccc(OCCN3CC4CCC3C4)cc2)c2ccc(O)cc12,9.0,9.0,8.151546732257879,-0.848453267742121,0.848453267742121
CHEMBL456594,N=C(N)N/N=C/C1=C(Cl)c2ccccc2CCC1,4.795880017344075,4.795880017344075,5.499025838032223,0.7031458206881478,0.7031458206881478
CHEMBL385358,CC1=C2c3ccc4[nH]ncc4c3CC2(Cc2ccc(F)cc2)CCC1=O,7.086186147616283,7.086186147616283,6.39657804154985,-0.6896081060664336,0.6896081060664336
CHEMBL1320651,COC(=O)c1ccc2c(=O)n(CCCCCC(=O)NCc3ccc4c(c3)OCO4)c(=O)[nH]c2c1,4.829795216126643,4.829795216126643,5.610483177587581,0.7806879614609388,0.7806879614609388
CHEMBL1972915,Cc1nn(-c2ccccc2)c(Cl)c1/C=N/Nc1ccc(S(=O)(=O)Nc2ccccc2C(=O)O)cc1[N+](=O)[O-],5.165232889130726,5.165232889130726,5.90957252279808,0.7443396336673542,0.7443396336673542
CHEMBL5425697,C[C@@H]1Cc2c([nH]c3ccccc23)[C@@H](c2c(F)cc(OCCNCCCF)cc2F)N1CC1(F)COC1,8.899974269892137,8.899974269892137,8.270273130483769,-0.6297011394083682,0.6297011394083682
CHEMBL235496,COC(=O)C1=C(N)Oc2cc(O)ccc2C1c1ccc(OCc2ccccc2F)cc1,7.275724130399211,7.275724130399211,6.3520712368805885,-0.9236528935186223,0.9236528935186223
CHEMBL185231,Oc1ccc([C@H]2Sc3cc(O)ccc3O[C@H]2c2ccc(OCCN3C[C@H]4CCCC[C@H]4C3)cc2)cc1,9.0,9.0,8.861076907408913,-0.13892309259108693,0.13892309259108693
CHEMBL3623004,C[C@@H]1Cc2c([nH]c3ccccc23)[C@@H](c2c(F)cc(/C=C/C(=O)O)cc2F)N1CC(C)(C)F,9.361088088659065,9.361088088659065,8.044216014878252,-1.3168720737808126,1.3168720737808126
CHEMBL203122,CC(C)c1nc2cc(O)cc(O)c2c(=O)n1-c1ccc(O)cc1,4.152433509857411,4.152433509857411,5.336896584994681,1.1844630751372698,1.1844630751372698
CHEMBL4802956,OCCC/C(=C(\c1ccc(O)cc1)c1ccc(OCCN2CCCC2)cc1)c1ccccc1,6.3221449923399575,6.3221449923399575,6.467186553482343,0.14504156114238587,0.14504156114238587
CHEMBL340111,Oc1ccc([C@H]2Sc3cc(O)ccc3O[C@H]2c2ccc(CN3CCCCC3)cc2)cc1,6.809668301829708,6.809668301829708,8.42586374478876,1.616195442959052,1.616195442959052
CHEMBL1407483,CC1=C(SCCC#N)S/C(=C2\SC(C)=C(SCCC#N)S2)S1,5.292039134652153,5.292039134652153,5.651625227381419,0.35958609272926534,0.35958609272926534
CHEMBL5085956,CCC(=C(c1ccc(O)cc1)c1ccc(/C=C/C(=O)NCCNC(=O)CCc2nc3cc(OC)ccc3[nH]2)cc1)c1ccccc1,8.560667306169737,8.560667306169737,8.052524172679616,-0.5081431334901207,0.5081431334901207
CHEMBL3193600,Cc1nc2ccccc2c(=O)n1/N=C/c1c(O)ccc2oc3c(c12)CCCC3,4.535128935851023,4.535128935851023,5.032648785890321,0.4975198500392981,0.4975198500392981
CHEMBL92660,Oc1ccc([C@@H]2Sc3c(ccc(O)c3Cl)O[C@@H]2c2ccc(OCCN3CCCCC3)cc2)cc1,8.619788758288394,8.619788758288394,8.336874975362138,-0.282913782926256,0.282913782926256
CHEMBL3991351,CCN(CC)CCOc1ccc(/C(=C(/CCCO)c2ccccc2)c2ccc(O)cc2)cc1,6.057991946977687,6.057991946977687,6.638930033306438,0.580938086328751,0.580938086328751
CHEMBL205577,Cc1nc2cc(O)cc(O)c2c(=O)n1-c1ccc(O)cc1,4.4782344741229165,4.4782344741229165,5.142716801879878,0.6644823277569616,0.6644823277569616
CHEMBL371305,CC(=O)c1cc(-c2ccc(O)c(F)c2)nc2ccc(O)cc12,5.4723700991286615,5.4723700991286615,5.800284209000769,0.3279141098721077,0.3279141098721077
CHEMBL1084128,CCN(CC)CCOc1ccc([C@H]2Oc3ccccc3C3=C2c2ccc(O)cc2OCC3)cc1,8.301029995663981,8.301029995663981,7.651038861643109,-0.6499911340208726,0.6499911340208726
CHEMBL1323006,Cc1noc(C)c1COc1ccc(C(=O)OCC(=O)N2c3ccccc3NC(=O)C2(C)C)cc1,5.058680414847639,5.058680414847639,5.437629966896016,0.3789495520483772,0.3789495520483772
CHEMBL57150,OC[C@@]12CC=C[C@@H](C1)[C@H](c1ccc(O)cc1)CC2,6.259637310505756,6.259637310505756,5.9814767493065215,-0.2781605611992344,0.2781605611992344
CHEMBL1528123,Cc1ccc(S(=O)(=O)Cc2ccc(C(=O)NCc3ccc4c(c3)OCO4)o2)cc1,4.426029653584324,4.426029653584324,4.816203736068017,0.3901740824836928,0.3901740824836928
CHEMBL418327,Oc1ccc(C2=C(c3ccc(OCCN4CCCCC4)cc3)Oc3ccc(O)cc3S2)cc1,8.795880017344075,8.795880017344075,8.236001143213052,-0.559878874131023,0.559878874131023
CHEMBL1088343,COc1ccc2c(c1)OCCC1=C2[C@@H](c2ccc(OCCN3CCCCC3)cc2)Oc2cc(O)ccc21,8.236572006437063,8.236572006437063,8.192832731855018,-0.04373927458204463,0.04373927458204463
CHEMBL1433062,COc1ccc(OC)c(N2C(=O)[C@@H]3C(c4ccccc4Cl)=NO[C@@H]3C2=O)c1,5.009444052240168,5.009444052240168,4.968166307446896,-0.0412777447932724,0.0412777447932724
CHEMBL440757,C#Cc1cc(-c2ccc(O)cc2)nc2ccc(O)cc12,5.823908740944319,5.823908740944319,6.337454795459773,0.5135460545154542,0.5135460545154542
CHEMBL369545,CC[C@H](COc1ccc([C@@H]2Oc3ccc(O)cc3S[C@@H]2c2ccc(O)cc2)cc1)N1CCCC1,9.154901959985745,9.154901959985745,8.86039788962902,-0.29450407035672477,0.29450407035672477
CHEMBL417126,C[C@H]1C(=O)c2ccc(O)cc2O[C@@H]1c1ccc(OCCN2CCCCC2)cc1,5.849243560139691,5.849243560139691,5.790934760923978,-0.058308799215712526,0.058308799215712526
CHEMBL4745512,CC/C(=C(/c1ccc(/C=C/C(=O)O)cc1)c1cc2ccccc2[nH]1)c1cccc(C(F)(F)F)c1,8.756961951313706,8.756961951313706,8.40801039723808,-0.34895155407562584,0.34895155407562584
CHEMBL381495,CCCCC12CCC(=O)C(C)=C1c1ccc(O)cc1C2,6.200659450546418,6.200659450546418,6.296207109912917,0.095547659366499,0.095547659366499
CHEMBL4743379,CC/C(=C(/c1ccc(/C=C/C(=O)O)cc1)c1cc2ccccc2[nH]1)c1ccc(Cl)cc1,8.7594507517174,8.7594507517174,8.656594273595358,-0.10285647812204246,0.10285647812204246
CHEMBL1419810,Cc1occc1C(=O)NCc1cccc(CNC(=O)c2ccoc2C)c1,4.705975567939453,4.705975567939453,4.894789805107471,0.18881423716801748,0.18881423716801748
CHEMBL245575,C[C@]12CC[C@H]3[C@@H](CC=C4[C@H]5CC[C@]43CC[C@H]5O)[C@@H]1CC[C@@H]2O,5.089642442727122,5.089642442727122,6.268987811218084,1.1793453684909618,1.1793453684909618
CHEMBL4763298,CC/C(=C(/c1ccc(/C=C/C(=O)O)cc1)c1cc2ccccc2[nH]1)c1cc(Cl)ccc1Cl,8.853871964321762,8.853871964321762,8.684851023150385,-0.169020941171377,0.169020941171377
CHEMBL3657149,Cc1c(-c2ccc(O)cc2)n(Cc2ccc(OCCN3CCCCC3C)cc2)c2ccc(O)cc12,7.698970004336019,7.698970004336019,7.591911146148204,-0.10705885818781447,0.10705885818781447
CHEMBL577938,N#Cc1c(-c2ccccc2)cc(-c2ccco2)c(C#N)c1N,4.475597256416418,4.475597256416418,6.213202958622782,1.7376057022063636,1.7376057022063636
CHEMBL93705,Oc1cccc([C@H]2Sc3cc(O)ccc3O[C@H]2c2ccc(OCCN3CCCCC3)cc2)c1,8.39257807597615,8.39257807597615,8.521653947641644,0.12907587166549384,0.12907587166549384
CHEMBL184360,Oc1ccc([C@H]2Sc3cc(O)ccc3O[C@H]2c2ccc(OCCN3C4CCCC3CCC4)cc2)cc1,9.221848749616356,9.221848749616356,8.571632027734324,-0.6502167218820318,0.6502167218820318
CHEMBL5090940,CC(C)(F)CN1CCc2cc(O)ccc2C1c1ccc(OCCCCCCC(=O)NO)cc1,7.041914151478915,7.041914151478915,7.162485071887615,0.12057092040870021,0.12057092040870021
CHEMBL4218756,CC1(C)CC(=O)C2=C(C1)OC1=C(C(=O)CCC1(C)C)C2c1cc2ccccc2n1Cc1ccccc1,3.2312213491781567,3.2312213491781567,4.663296368063359,1.4320750188852025,1.4320750188852025
CHEMBL4755319,CC/C(=C(/c1ccc(O)cc1)c1ccc(/C=C/C(=O)NCCCCCNC(=O)/C=C/c2ccc(/C(=C(\CC)c3ccccc3)c3ccc(O)cc3)cc2)cc1)c1ccccc1,8.453457336521868,8.453457336521868,7.997482213657667,-0.45597512286420105,0.45597512286420105
CHEMBL196530,Oc1ccc(-c2ccc3c(Cl)c(O)ccc3n2)cc1,6.199282921717615,6.199282921717615,6.432699496853798,0.2334165751361823,0.2334165751361823
CHEMBL1083187,O=C(O)CCOc1ccc([C@H]2Oc3cc(O)ccc3C3=C2c2ccc(O)cc2OCC3)cc1,6.920818753952375,6.920818753952375,6.815885644360837,-0.10493310959153757,0.10493310959153757
CHEMBL1431555,CC(=O)c1ccc(NCC(=O)N2CCN(c3ccccc3)CC2)cc1,5.299438187101623,5.299438187101623,5.115885626097382,-0.183552561004241,0.183552561004241
CHEMBL208978,CCCCC12CCC(=O)C(C(F)(F)F)=C1c1ccc(O)cc1C2,6.892790030352131,6.892790030352131,6.2339583728452785,-0.6588316575068527,0.6588316575068527
CHEMBL195991,CCN(CC)CCOc1ccc(Cn2c3ccccc3c3sc4cc(O)ccc4c32)cc1,7.241088107602026,7.241088107602026,7.40899627232372,0.1679081647216938,0.1679081647216938
CHEMBL4227881,CC(=O)/C=C/c1ccc(C2=C(c3ccc(O)cc3)CCOc3cc(F)ccc32)cc1,7.229147988357855,7.229147988357855,7.173625213919768,-0.05552277443808773,0.05552277443808773
CHEMBL1467399,CC(=O)c1c(COC(=O)c2ccco2)nc2ccccc2[n+]1[O-],4.534063330162815,4.534063330162815,4.7270969526129925,0.1930336224501774,0.1930336224501774
CHEMBL3427387,COc1cccc(-c2c(Cc3ccc(/C=C/C(=O)O)cc3)c3ccc(O)cc3oc2=O)c1,7.387216143280264,7.387216143280264,7.908082644798776,0.5208665015185128,0.5208665015185128
CHEMBL437065,C#C[C@]12CC[C@H](O)CC1=CCC1C2CC[C@@]2(C)C1CC[C@@H]2O,6.371611069949688,6.371611069949688,6.042626787234417,-0.3289842827152718,0.3289842827152718
CHEMBL6151266,O=C(c1ccc(Cl)cc1)c1c(-c2ccc(O)cc2)sc2cc(O)ccc12,9.744727494896694,9.744727494896694,7.258987686812387,-2.4857398080843067,2.4857398080843067
CHEMBL240438,Cc1c([C@H](C)NC(=O)Cc2c(-c3ccccc3)[nH]c3ccccc23)n(Cc2ccc(OCCN3CCCCC3)cc2)c2ccc(O)cc12,8.698970004336019,8.698970004336019,7.863142856765382,-0.8358271475706367,0.8358271475706367
CHEMBL211887,CC[C@@]12CCC(=O)C(Cl)=C1c1ccc3[nH]nc(F)c3c1C2,7.086186147616283,7.086186147616283,6.03247544901773,-1.053710698598553,1.053710698598553
CHEMBL1511067,Cc1cc(C)n2nc(SCc3cc(=O)oc4cc(O)ccc34)nc2n1,4.99433225248268,4.99433225248268,4.869204243321914,-0.1251280091607665,0.1251280091607665
CHEMBL5074047,CCC(CCc1c[nH]cn1)=C(c1ccc(O)cc1)c1ccc(O)cc1,6.705533773838407,6.705533773838407,6.842257385359933,0.13672361152152668,0.13672361152152668
CHEMBL1613068,Brc1ccc(-c2nnc(-c3cccnc3)c3conc23)cc1,5.179063293619281,5.179063293619281,5.470432894240382,0.29136960062110084,0.29136960062110084
CHEMBL211870,CCC12CCC(=O)C(Br)=C1c1ccc3[nH]nc(F)c3c1C2,6.705533773838407,6.705533773838407,6.002884642017737,-0.70264913182067,0.70264913182067
CHEMBL1313979,O=C(Nc1ccc2c(c1)nc1n2CCSC1)c1ccco1,4.838440650838761,4.838440650838761,4.864943724936732,0.026503074097971258,0.026503074097971258
CHEMBL3775833,C[C@H](CF)CN1[C@H](c2ccc(/C=C/C(=O)O)cc2)c2ccc(O)cc2CC1(C)C,8.130768280269024,8.130768280269024,7.6981509843229725,-0.43261729594605125,0.43261729594605125
CHEMBL362272,COc1cc(O)c(Br)c2cc(-c3ccc(O)c(F)c3)oc12,6.474955192963154,6.474955192963154,6.229219734970775,-0.24573545799237895,0.24573545799237895
CHEMBL6170792,CC/C(=C(/c1ccc(/C=C/C(=O)O)cc1)c1ccc(-n2cccn2)cc1)c1ccc(F)cc1Cl,6.589560213789653,6.589560213789653,7.255085388128082,0.6655251743384287,0.6655251743384287
CHEMBL298398,O=C1c2ccc(O)cc2C(=O)c2ccc(O)cc21,5.958607314841775,5.958607314841775,6.20125619550744,0.2426488806656657,0.2426488806656657
CHEMBL522990,CN(c1ccccc1C(=O)O)S(=O)(=O)c1ccc2c3c(cccc13)C(=O)N2,4.728492487425712,4.728492487425712,5.354632465838995,0.6261399784132831,0.6261399784132831
CHEMBL5075366,CCC(=C(c1ccc(O)cc1)c1ccc(/C=C/C(=O)NCCCCNC(=O)CCc2nc3cc(OC)ccc3[nH]2)cc1)c1ccccc1,8.653647025549361,8.653647025549361,7.971205373472147,-0.6824416520772143,0.6824416520772143
CHEMBL2403351,CCCCC(CCCC)(c1ccc(O)c(CC)c1)c1ccc(O)c(CC)c1,5.537602002101044,5.537602002101044,6.979174930687256,1.4415729285862113,1.4415729285862113
CHEMBL203348,Cc1c(O)c(Cl)c(C)c2c1c(=O)oc1c(Cl)c(O)ccc12,6.224025668870631,6.224025668870631,5.9577119221113435,-0.26631374675928754,0.26631374675928754
CHEMBL5269729,O=C(C1=C(O)C(=O)N(c2ccc(O)c(C(=O)O)c2)C1c1ccc([N+](=O)[O-])cc1)c1ccc(Cl)cc1,5.920818753952375,5.920818753952375,5.679437629290266,-0.2413811246621087,0.2413811246621087
CHEMBL5918557,C[C@@H]1Cc2c(ccc3[nH]ncc23)[C@@H](c2ccc(N(C)C3CN(CCCF)C3)cn2)N1CC(F)F,8.387216143280265,8.387216143280265,8.317009804257186,-0.07020633902307871,0.07020633902307871
CHEMBL204024,Cc1cc(O)cc2c1-c1ccc(O)c(C)c1OC2CC(C)C,6.202732459169283,6.202732459169283,6.322778341763515,0.12004588259423166,0.12004588259423166
CHEMBL3623002,CC(C)CN1[C@H](c2c(F)cc(/C=C/C(=O)O)cc2F)c2[nH]c3ccccc3c2C[C@H]1C,9.15002808767115,9.15002808767115,7.936777296230738,-1.2132507914404114,1.2132507914404114
CHEMBL4763497,CC/C(=C(/c1ccc(/C=C/C(=O)O)cc1)c1cc2ccccc2[nH]1)c1ccccc1Cl,9.356547323513812,9.356547323513812,8.77314521451605,-0.5834021089977615,0.5834021089977615
CHEMBL370849,Oc1ccc2c(c1)sc1c3cc(O)ccc3n(Cc3ccc(OCCN4CCCC4)cc3)c21,8.221848749616356,8.221848749616356,8.084014745855093,-0.1378340037612631,0.1378340037612631
CHEMBL4524860,CCCC(CCC)(c1ccc(O)c(C)c1)c1ccc(OCCC(C)C)c(C)c1,6.795880017344075,6.795880017344075,7.2303233929661594,0.43444337562208446,0.43444337562208446
CHEMBL183584,C[C@@H]1CCN(CCOc2ccc([C@@H]3Oc4ccc(O)cc4S[C@@H]3c3ccc(O)cc3)cc2)C1,8.522878745280337,8.522878745280337,8.843080254301976,0.32020150902163813,0.32020150902163813
CHEMBL92720,COc1ccc(C2Sc3cc(O)ccc3OC2c2ccc(OCCN3CCCCC3)cc2)cc1,7.386158178123931,7.386158178123931,7.896949880557457,0.5107917024335267,0.5107917024335267
CHEMBL6048041,COC[C@](C)(F)CN1[C@H](c2ccc(OC3CN(CCCF)C3)cc2OC)c2ccc3[nH]ncc3c2C[C@H]1C,8.537860356969059,8.537860356969059,8.034778164388015,-0.5030821925810436,0.5030821925810436
CHEMBL4596457,OCCC/C(=C(\c1ccc(O)cc1)c1ccc(N2CCN(C3CCCCC3)CC2)cc1)c1ccccc1,5.674484336636851,5.674484336636851,6.066409549747282,0.39192521311043027,0.39192521311043027
CHEMBL429446,COc1cc(C2Nc3ccccc3C(=O)N2Cc2ccccc2)ccc1O,5.958607314841775,5.958607314841775,5.630861206909509,-0.3277461079322652,0.3277461079322652
CHEMBL3657139,COc1ccc(-c2c(C)c3cc(OC)ccc3n2Cc2ccc(OCCN3CCCCC3)cc2)cc1,6.221848749616356,6.221848749616356,6.694086621784799,0.47223787216844304,0.47223787216844304
CHEMBL3657145,CCCN(CCC)CCOc1ccc(Cn2c(-c3ccc(O)cc3)c(C)c3cc(O)ccc32)cc1,7.096910013008056,7.096910013008056,7.181505620345633,0.08459560733757687,0.08459560733757687
CHEMBL210074,CC[C@@]12CCC(=O)C(C)=C1c1ccc3[nH]ncc3c1C2,5.866461091629782,5.866461091629782,6.010116015914902,0.14365492428512017,0.14365492428512017
CHEMBL1671971,COc1cc(/C=C2\SC(=O)NC2=O)ccc1Oc1ccc(C#N)cc1C(F)(F)F,5.657577319177793,5.657577319177793,5.067790220392504,-0.5897870987852896,0.5897870987852896
CHEMBL44426,Cc1c(-c2ccc(O)cc2)n(Cc2ccc(OCCN3CCCCC3)cc2)c2ccc(O)cc12,7.348253392557437,7.348253392557437,7.513395359138981,0.1651419665815439,0.1651419665815439
CHEMBL4650365,C[C@@H]1Cc2c(ccc3[nH]ncc23)[C@@H](c2ccc(NC3CN(CCCF)C3)cn2)N1CC(F)(F)F,8.729474998043136,8.729474998043136,8.61668588033591,-0.11278911770722644,0.11278911770722644
CHEMBL2113027,CC[C@H]1CCN(CCOc2ccc([C@@H]3Oc4ccc(O)cc4S[C@@H]3c3ccc(O)cc3)cc2)C1,8.958607314841775,8.958607314841775,8.958059288399284,-0.0005480264424910786,0.0005480264424910786
CHEMBL203442,CCCc1c(O)cc2ncn(-c3ccc(O)cc3)c(=O)c2c1O,4.972691172964454,4.972691172964454,5.078450028921697,0.10575885595724355,0.10575885595724355
CHEMBL206584,Cc1cc(O)c(C)c2c1-c1ccc(O)c(C)c1OC2C,6.6252516539898965,6.6252516539898965,6.460317884002173,-0.1649337699877238,0.1649337699877238
CHEMBL93308,Oc1ccc([C@@H]2Sc3c(O)cc(O)cc3O[C@@H]2c2ccc(OCCN3CCCCC3)cc2)cc1,7.602059991327962,7.602059991327962,8.428634917973532,0.8265749266455709,0.8265749266455709
CHEMBL3805385,CCCCCCCCCCCCCCCCCCNCCOc1ccc(C(=O)c2c(-c3ccc(O)cc3)sc3cc(O)ccc23)cc1,8.744727494896694,8.744727494896694,7.600872208091638,-1.1438552868050555,1.1438552868050555
CHEMBL211493,CC1=C2c3ccc(O)cc3CC2(c2ccccc2)CCC1=O,6.317854923626168,6.317854923626168,6.438067083412664,0.12021215978649558,0.12021215978649558
CHEMBL4584946,O=c1cc(-c2ccccc2)nc2ccc(-c3ccccc3O)cn12,3.6020599913279625,3.6020599913279625,5.416801572691088,1.8147415813631254,1.8147415813631254
CHEMBL209851,CCCCC12CCC(=O)C(Br)=C1c1ccc(O)cc1C2,6.85078088734462,6.85078088734462,6.1746146460579014,-0.6761662412867189,0.6761662412867189
CHEMBL341367,Oc1cccc([C@H]2Sc3cc(O)ccc3S[C@H]2c2ccc(OCCN3CCCCC3)cc2)c1,7.823908740944319,7.823908740944319,8.141559618231367,0.31765087728704877,0.31765087728704877
CHEMBL1481770,c1ccc(OCc2nnc3sc(C4COc5ccccc5O4)nn23)cc1,5.020003904615123,5.020003904615123,4.936438555339384,-0.08356534927573911,0.08356534927573911
CHEMBL241303,C[C@H](CCc1ccc(O)cc1)NC(=O)Cc1c(-c2ccccc2)[nH]c2cc(OCCN3CCCCC3)ccc12,8.096910013008056,8.096910013008056,7.248062522535273,-0.8488474904727834,0.8488474904727834
CHEMBL182850,Oc1cc(Br)c2oc(-c3ccc(O)c(F)c3)cc2c1,7.920818753952375,7.920818753952375,7.044342914656816,-0.8764758392955585,0.8764758392955585
CHEMBL202615,CN(C)CCOc1ccc(/C(=C(/CCCN=[N+]=[N-])c2ccccc2)c2ccc(O)cc2)cc1,7.886056647693163,7.886056647693163,7.565181355008958,-0.3208752926842049,0.3208752926842049
CHEMBL4803828,CN1CCC[C@H]1CCOc1ccc(/C(=C(/CCCO)c2ccccc2)c2ccc(O)cc2)cc1,6.140261433802853,6.140261433802853,6.2970344259405495,0.15677299213769658,0.15677299213769658
CHEMBL1469865,Cn1c(C(=O)Nc2ccc3c(c2)OCO3)cc2c(=O)n(C)c3ccccc3c21,4.646582369171029,4.646582369171029,4.958255774999015,0.3116734058279853,0.3116734058279853
CHEMBL46903,Cc1c(-c2ccc(O)cc2)n(CCCCCCN2CCCC2)c2ccc(O)cc12,7.602059991327962,7.602059991327962,7.226954485219026,-0.37510550610893567,0.37510550610893567
CHEMBL1461574,CCOP(=O)(OCC)C1(NS(=O)(=O)c2ccccc2)C=C(Br)C(=O)c2ccccc21,5.061064691796719,5.061064691796719,5.404486825749211,0.3434221339524921,0.3434221339524921
CHEMBL1442697,COc1ccccc1N1CCN(C(=O)c2cc3c(s2)CCC3)CC1,5.284452905143747,5.284452905143747,5.144424934591306,-0.14002797055244187,0.14002797055244187
CHEMBL4862431,C[C@@H]1Cc2c([nH]c3ccccc23)[C@@H](c2c(F)cc(OCCN3CC(CF)C3)cc2F)N1CC1(F)COC1,9.100015437450608,9.100015437450608,8.134677009031776,-0.965338428418832,0.965338428418832
CHEMBL211816,CCCC[C@@]12CCC(=O)C(CC)=C1c1ccc3[nH]ncc3c1C2,7.031517051446065,7.031517051446065,6.279905051591576,-0.7516119998544895,0.7516119998544895
CHEMBL1555033,COC(=O)c1ccc2c(=O)n(CCCC(=O)N3CCN(c4cccc(Cl)c4)CC3)c(=S)[nH]c2c1,4.726998727936262,4.726998727936262,5.72208694950242,0.9950882215661574,0.9950882215661574
CHEMBL1087289,Oc1ccc2c(c1)O[C@H](c1ccc(OCCN3CCCCC3)cc1)C1=C2CCOc2ccccc21,7.0,7.0,8.110774865781254,1.110774865781254,1.110774865781254
CHEMBL4750790,CN1c2ccccc2C2(C)CCCC3Cc4cc(Br)cc(Br)c4OC312,7.698970004336019,7.698970004336019,6.001197803972974,-1.6977722003630449,1.6977722003630449
CHEMBL6159945,O=C(c1cccc(Br)c1)c1c(-c2ccc(O)cc2)sc2cc(O)ccc12,9.602059991327964,9.602059991327964,7.2546562107693084,-2.347403780558656,2.347403780558656
CHEMBL4754618,C[C@@H]1Cc2c([nH]c3ccccc23)[C@@H](c2cnc(OC3CCC4(CC3)CCN(CC3CCN(c5ccc6c(c5)CN(C5CCC(=O)NC5=O)C6=O)CC3)CC4)nc2)N1CC(C)(C)F,8.657577319177793,8.657577319177793,8.504479517204892,-0.15309780197290124,0.15309780197290124
CHEMBL198411,Oc1ccc(-c2cc(Br)c3cc(O)ccc3n2)cc1,6.673664139071248,6.673664139071248,6.601013241576592,-0.0726508974946567,0.0726508974946567
CHEMBL5870475,C[C@]12C=CC(=O)C=C1[C@@H](F)C[C@H]1[C@@H]3C[C@H]4O[C@@H](c5ccc(Cc6ccc(Cl)c(N)c6)cc5)O[C@@]4(C(=O)CO)[C@@]3(C)C[C@H](O)[C@@]12F,4.522878745280337,4.522878745280337,4.979980454262847,0.4571017089825098,0.4571017089825098
CHEMBL380720,Cc1cc(C)c2c(c1)c(=O)oc1cc(O)ccc12,6.232844133917819,6.232844133917819,5.67202050821138,-0.5608236257064387,0.5608236257064387
CHEMBL3648370,O=C1Oc2cc(O)cc(Cc3ccccc3)c2CC1c1ccc(Cl)cc1,6.920818753952375,6.920818753952375,6.055945248961282,-0.8648735049910927,0.8648735049910927
CHEMBL4585892,CCCC(CCC)(c1ccc(O)c(C)c1)c1ccc(/C=C/C(=O)OCC)c(C)c1,6.518557371497695,6.518557371497695,7.209427708178987,0.690870336681292,0.690870336681292
CHEMBL3657156,Cc1c(-c2ccc(OC(C)C)cc2)n(Cc2ccc(OCCN3CCCCCC3)cc2)c2ccc(O)cc12,7.096910013008056,7.096910013008056,7.142151618378196,0.04524160537013966,0.04524160537013966
CHEMBL1522300,COc1ccc(N2Cc3cccc(C(=O)N4CCN(C(=O)c5ccco5)CC4)c3C2=O)cc1,5.008986248708188,5.008986248708188,5.991769343156798,0.9827830944486093,0.9827830944486093
CHEMBL78567,O=c1c2oc3c(Br)cc(O)cc3c2oc2cc(O)cc(O)c12,5.8996294548824375,5.8996294548824375,6.274396799187025,0.3747673443045878,0.3747673443045878
CHEMBL1491936,CCOC(=O)Cc1cc(O)n2nc(-c3ccc(C)cc3)cc2n1,4.856454372761578,4.856454372761578,4.789511858395295,-0.06694251436628296,0.06694251436628296
CHEMBL1098710,CCOC(=O)C1(C#N)Cc2ccc([C@]3(O)CC[C@H]4[C@@H]5CCc6cc(O)ccc6[C@H]5CC[C@@]43C)cc2C1,7.323032185705242,7.323032185705242,6.39465224313549,-0.9283799425697516,0.9283799425697516
CHEMBL1593653,N#Cc1cccc(N2CCN(C(=O)CCCCCn3c(=S)[nH]c4ccccc4c3=O)CC2)c1,7.045757490560675,7.045757490560675,6.6780255657767675,-0.36773192478390726,0.36773192478390726
CHEMBL4160682,Cc1cc(C)c2nc(-c3cc4ccccc4n3Cc3ccccc3)[nH]c2c1,7.47977856411804,7.47977856411804,6.39583818187706,-1.0839403822409794,1.0839403822409794
CHEMBL1094732,CC(=O)C1(C(C)=O)Cc2ccc([C@]3(O)CC[C@H]4[C@@H]5CCc6cc(O)ccc6[C@H]5CC[C@@]43C)cc2C1,6.614000715861032,6.614000715861032,6.323715931941327,-0.2902847839197049,0.2902847839197049
CHEMBL1088629,CCN(CC)CCOc1ccc([C@H]2Oc3cc(F)ccc3C3=C2c2ccc(O)cc2OCC3)cc1,8.301029995663981,8.301029995663981,8.04158261879983,-0.2594473768641521,0.2594473768641521
CHEMBL4791503,CC/C(=C(/c1ccc(/C=C/C(=O)O)cc1)c1cc2ccccc2[nH]1)c1ccccc1,9.55284196865778,9.55284196865778,8.368630184121836,-1.184211784535945,1.184211784535945
CHEMBL204025,Cc1c(O)ccc2c1OC(C)(C)c1c-2ccc(O)c1C,6.329754146925876,6.329754146925876,6.295453892670757,-0.03430025425511918,0.03430025425511918
CHEMBL6168127,CC1=C(c2cc(F)cc(F)c2)[C@@H](c2ccc(/C=C/CN3CC(CF)C3)cc2)Oc2cc(O)ccc21,7.991399828238082,7.991399828238082,8.7614975347406,0.7700977065025185,0.7700977065025185
CHEMBL178470,C[C@@H]1c2cc(O)ccc2O[C@@H](c2ccc(OCCN3CCCCC3)cc2)[C@H]1c1ccc(O)cc1,8.853871964321762,8.853871964321762,8.380850898976119,-0.4730210653456428,0.4730210653456428
CHEMBL1627351,CCCCN(C)C(=O)CCCCCCCCCCS[C@H]1[C@@H]2[C@H](CC[C@]3(C)[C@@H](O)CC[C@@H]23)c2ccc(O)cc2[C@H]1O,7.494850021680094,7.494850021680094,7.536881331168974,0.04203130948888045,0.04203130948888045
CHEMBL182794,CC(C)[C@H](COc1ccc([C@@H]2Oc3ccc(O)cc3S[C@@H]2c2ccc(O)cc2)cc1)N1CCCC1,9.30102999566398,9.30102999566398,8.682442927308443,-0.6185870683555361,0.6185870683555361
CHEMBL5424726,Cc1ccc(OCCNCCCF)c(F)c1[C@@H]1c2[nH]c3ccccc3c2C[C@@H](C)N1CC(F)(F)F,8.79997073344623,8.79997073344623,8.628717651293877,-0.17125308215235258,0.17125308215235258
CHEMBL1471823,CCOc1ccc(NC(=O)c2cc3cc4ccc(OC)cc4nc3o2)cc1,4.325401351602277,4.325401351602277,4.850632570145228,0.5252312185429506,0.5252312185429506
CHEMBL209402,CCCCC12CCC(=O)C(CCC)=C1c1ccc(O)cc1C2,7.522878745280337,7.522878745280337,6.577806945264053,-0.9450718000162848,0.9450718000162848
CHEMBL3827633,COc1ccc2c(c1)C(=O)c1c-2n(-c2ccc(OCCCN3CCN(C)CC3)cc2)c(=O)c2cc(OC)ccc12,4.453457336521869,4.453457336521869,5.029154102677908,0.5756967661560388,0.5756967661560388
CHEMBL1097377,C[C@]12CC[C@@H]3c4ccc(O)cc4CC[C@H]3[C@@H]1CC[C@@]2(O)c1ccc2c(c1)COC2,7.129011186239425,7.129011186239425,6.1678320784713,-0.9611791077681247,0.9611791077681247
CHEMBL5081507,CC/C(=C(\c1ccc(O)cc1)c1cccc(OCCCN2CCCC2)c1)c1ccccc1,7.97061622231479,7.97061622231479,7.568088171889669,-0.4025280504251212,0.4025280504251212
CHEMBL4553145,CCOc1cc(Br)cc(CNNC(=O)c2ccc3c(c2)OCCO3)c1O,5.525783735923745,5.525783735923745,4.849630277669808,-0.6761534582539364,0.6761534582539364
CHEMBL4224834,O=C(/C=C/c1ccc(C2=C(c3ccc(O)cc3)CCOc3cc(F)ccc32)cc1)N1CCN(Cc2ccccc2)CC1,7.130768280269024,7.130768280269024,7.40887532616272,0.2781070458936963,0.2781070458936963
CHEMBL212468,CC1=C2c3ccc4[nH]ncc4c3CC2(C)CCC1=O,5.355561410532162,5.355561410532162,5.909072184436214,0.5535107739040521,0.5535107739040521
CHEMBL6169132,CC/C(=C(/c1ccc(-c2ccc(C(=O)O)cc2)cc1)c1ccc(-c2cnn(C)c2)cc1)c1ccc(F)cc1Cl,7.274905478918531,7.274905478918531,7.234407541414046,-0.04049793750448494,0.04049793750448494
CHEMBL367350,CC[C@@H](COc1ccc([C@@H]2Oc3ccc(O)cc3S[C@@H]2c2ccc(O)cc2)cc1)N1CCCC1,9.30102999566398,9.30102999566398,8.86039788962902,-0.4406321060349594,0.4406321060349594
CHEMBL215409,CC[C@@]12CCC(=O)C(C(F)(F)F)=C1c1ccc3[nH]ncc3c1C2=O,7.236572006437063,7.236572006437063,6.319698769524737,-0.916873236912326,0.916873236912326
CHEMBL1084129,CCN(CC)CCOc1ccc([C@@H]2Oc3ccccc3C3=C2c2ccc(O)cc2OCC3)cc1,8.045757490560675,8.045757490560675,7.651038861643109,-0.39471862891756615,0.39471862891756615
CHEMBL464360,Cc1cc(O)c2c(c1)C(=O)c1cc(O)cc(O[C@@H]3O[C@H](CO)[C@@H](O)[C@H](O)[C@H]3O)c1C2=O,4.698970004336019,4.698970004336019,6.250334036988343,1.551364032652324,1.551364032652324
CHEMBL215802,CCCC[C@@]12CCC(=O)C(Br)=C1c1ccc3[nH]nnc3c1C2,5.7198771036976925,5.7198771036976925,6.4336308120786345,0.713753708380942,0.713753708380942
CHEMBL1427643,COc1cc(C2C(C#N)=C(N)Oc3cc(C)oc(=O)c32)cc2c1OCO2,4.581836809758718,4.581836809758718,5.116831727749702,0.5349949179909839,0.5349949179909839
CHEMBL180253,C[C@H]1c2cc(O)ccc2O[C@@H](c2ccc(OCCN3CCCCC3)cc2)[C@H]1c1ccc(O)cc1,7.42021640338319,7.42021640338319,8.380850898976119,0.9606344955929291,0.9606344955929291
CHEMBL4752165,C[C@@H]1Cc2c([nH]c3ccccc23)[C@@H](c2cnc(N3CCC4(CCN(CCC5CCN(c6ccc7c(c6)CN(C6CCC(=O)NC6=O)C7=O)CC5)CC4)CC3)nc2)N1CC(C)(C)F,7.651695136951839,7.651695136951839,8.694707537035804,1.0430124000839642,1.0430124000839642
CHEMBL1303477,O=C(CSc1nnc(-c2ccc(OC(F)F)cc2)o1)NC(=O)NCc1ccco1,4.935697411167474,4.935697411167474,4.791142209616988,-0.14455520155048607,0.14455520155048607
CHEMBL182157,Cc1ccccc1C(=O)N1CCN(c2ccc(C(=O)c3c(-c4ccc(O)cc4)sc4cc(O)ccc34)cc2)CC1,8.404503778174426,8.404503778174426,8.560829739338079,0.1563259611636525,0.1563259611636525
CHEMBL3805170,CCCCCCCCNCCOc1ccc(C(=O)c2c(-c3ccc(O)cc3)sc3cc(O)ccc23)cc1,7.309803919971486,7.309803919971486,7.609815141341931,0.3000112213704451,0.3000112213704451
CHEMBL5085006,CC(C)(F)CN1CCc2cc(O)ccc2C1c1ccc(OCCCOc2ccc(C(=O)NO)cc2)cc1,6.878112014896319,6.878112014896319,7.195520405233694,0.3174083903373752,0.3174083903373752
CHEMBL4297509,CCNCCc1ccc(CN(CC)c2cc(OC)ccc2[C@@H]2CCc3cc(O)ccc3C2)cc1,7.629776499414208,7.629776499414208,7.379417690263026,-0.2503588091511819,0.2503588091511819
CHEMBL1388431,CS(=O)(=O)c1ccc2nc(NC(=O)CCC(=O)c3cccs3)sc2c1,5.148284964752111,5.148284964752111,4.924646850704141,-0.2236381140479704,0.2236381140479704
CHEMBL3622995,C[C@@H]1Cc2c([nH]c3ccccc23)[C@@H](c2ccc(Cl)cc2)N1CCC(=O)O,5.749999855918706,5.749999855918706,6.752940973379685,1.0029411174609786,1.0029411174609786
CHEMBL1393131,O=C(O)c1cc(-c2ccco2)nc2ccc(Br)cc12,4.322029888103501,4.322029888103501,5.459288509319893,1.1372586212163922,1.1372586212163922
CHEMBL4207948,O=c1[nH]c2c(c(=O)[nH]1)C(c1cc3ccccc3n1Cc1ccccc1)c1c([nH]c(=O)[nH]c1=O)O2,4.214100971615617,4.214100971615617,5.965538114911248,1.7514371432956315,1.7514371432956315
CHEMBL238960,C[C@H](CCc1ccc(O)cc1)NC(=O)Cc1c(-c2ccccc2)[nH]c2c(OCCCCN3CCCCC3)cccc12,7.638272163982407,7.638272163982407,7.595916838125909,-0.04235532585649793,0.04235532585649793
CHEMBL6165805,O=C(c1ccc(Cl)cc1)c1c(-c2ccc(O)cc2)sc2ccccc12,7.402304814074488,7.402304814074488,7.423322704945693,0.02101789087120487,0.02101789087120487
CHEMBL204697,CN(C)CCOc1ccc(/C(=C(/CCCC#N)c2ccccc2)c2ccc(O)cc2)cc1,7.602059991327962,7.602059991327962,7.253175561689929,-0.3488844296380327,0.3488844296380327
CHEMBL5069811,CC(Cc1cccnc1)=C(c1ccc(O)cc1)c1ccc(O)cc1,5.752026733638194,5.752026733638194,6.44670240927893,0.6946756756407364,0.6946756756407364
CHEMBL3990068,CNCCOc1ccc(/C(=C(/CCCO)c2ccccc2)c2ccc(O)cc2)cc1,5.476253533188435,5.476253533188435,6.72756769813912,1.251314164950685,1.251314164950685
CHEMBL427324,CC(C)[C@H]1CCN(CCOc2ccc([C@@H]3Oc4ccc(O)cc4S[C@@H]3c3ccc(O)cc3)cc2)C1,9.522878745280336,9.522878745280336,8.822177336685,-0.7007014085953358,0.7007014085953358
CHEMBL1084913,OCCCOc1ccc(C2Oc3cc(O)ccc3C3=C2c2ccc(O)cc2OCC3)cc1,6.486782399932061,6.486782399932061,7.336301873774652,0.8495194738425917,0.8495194738425917
CHEMBL4868243,C[C@@H]1Cc2c([nH]c3ccccc23)[C@@H](c2c(F)cc(OCCNCCCF)cc2F)N1CC(F)(F)CO,8.899974269892137,8.899974269892137,8.653702116545992,-0.24627215334614583,0.24627215334614583
CHEMBL1541779,Cc1c(C(=O)OCC2CCCO2)[nH]c2c1C(=O)CC(c1ccco1)C2,4.493063052666346,4.493063052666346,4.777861106363469,0.28479805369712263,0.28479805369712263
CHEMBL184367,Oc1ccc([C@H]2Sc3cc(O)ccc3O[C@H]2c2ccc(OCCN3C4CCCC3CC4)cc2)cc1,9.221848749616356,9.221848749616356,8.73335620261811,-0.4884925469982466,0.4884925469982466
CHEMBL370039,O=C(Cc1cc2ccccc2o1)c1ccc(O)cc1O,4.0670191780768015,4.0670191780768015,6.247630199065192,2.1806110209883904,2.1806110209883904
CHEMBL360978,O=C(c1ccc(N2CCN(C(=O)c3ccccc3[N+](=O)[O-])CC2)cc1)c1c(-c2ccc(O)cc2)sc2cc(O)ccc12,8.446116973356126,8.446116973356126,7.902871913363058,-0.543245059993068,0.543245059993068
CHEMBL1570364,CCN=c1ccc(Br)cc(C(=O)/C=C/c2ccccc2Cl)c1O,5.507685305636136,5.507685305636136,5.327661919251907,-0.18002338638422977,0.18002338638422977
CHEMBL1405182,O=C(CCCn1c(=S)[nH]c2ccccc2c1=O)N1CCN(c2cccc(O)c2)CC1,5.790484985457369,5.790484985457369,6.103506270072991,0.31302128461562173,0.31302128461562173
CHEMBL3775116,CC(C)CN1[C@@H](c2ccc(/C=C/C(=O)O)cc2)c2ccc(O)cc2CC1(C)C,6.017728766960431,6.017728766960431,7.37723824554264,1.3595094785822086,1.3595094785822086
CHEMBL3657150,Cc1c(-c2ccc(O)cc2)n(Cc2ccc(OCCN3CCCC(C)C3)cc2)c2ccc(O)cc12,6.769551078621726,6.769551078621726,7.571081738561951,0.8015306599402248,0.8015306599402248
CHEMBL6168811,O=C(c1cccc(Br)c1)c1c(-c2ccccc2)sc2cc(O)ccc12,7.876148359032914,7.876148359032914,7.495786599680358,-0.38036175935255656,0.38036175935255656
CHEMBL1086775,Oc1ccc2c(c1)O[C@H](c1ccc(OCCN3CCCC3)cc1)C1=C2CCOc2cc(O)ccc21,8.920818753952375,8.920818753952375,8.356266034166502,-0.5645527197858726,0.5645527197858726
CHEMBL460174,CC(/C=N/NC(=N)N)=C(/Cl)c1ccccc1,4.431798275933005,4.431798275933005,5.315351676640229,0.8835534007072239,0.8835534007072239
CHEMBL4444805,Cc1ncsc1-c1ccc(CNC(=O)[C@@H]2C[C@@H](O)CN2C(=O)[C@@H](NC(=O)COCCOCCC(F)(F)CCOc2cc(F)c([C@@H]3c4[nH]c5ccccc5c4C[C@@H](C)N3CC(C)(C)F)c(F)c2)C(C)(C)C)cc1,9.30102999566398,9.30102999566398,8.678457515732113,-0.6225724799318666,0.6225724799318666
CHEMBL77609,CCC1Oc2cc(O)cc(C)c2N=C1c1ccc(O)c(Br)c1,6.7447274948966935,6.7447274948966935,5.6527569126980035,-1.09197058219869,1.09197058219869
CHEMBL3427414,Cc1cc(F)ccc1-c1c(Oc2ccc(/C=C/C(=O)O)cc2)c2ccccc2oc1=O,7.142667503568731,7.142667503568731,6.8639956050844075,-0.2786718984843235,0.2786718984843235
CHEMBL3823498,CNCCCCCCCCCCCCn1c(-c2ccc(O)cc2)c(C)c2cc(O)ccc21,6.42021640338319,6.42021640338319,7.2050020024932655,0.7847855991100756,0.7847855991100756
CHEMBL1087682,O=C1CCC(=O)N1CCCOc1ccc([C@@H]2Oc3cc(O)ccc3C3=C2c2ccc(O)cc2OCC3)cc1,7.3875340360468575,7.3875340360468575,8.270482979437396,0.8829489433905389,0.8829489433905389
CHEMBL5440088,Cc1c(OCCN(C)CCCF)ccc(F)c1[C@@H]1c2[nH]c3ccccc3c2C[C@@H](C)N1C[C@H](C)C(=O)O,8.700057099977233,8.700057099977233,8.41803483218662,-0.28202226779061235,0.28202226779061235
CHEMBL149791,CCC(=C(c1ccc(O)cc1)c1ccc(O)cc1)c1ccccc1,10.221848749616356,10.221848749616356,7.177614417528248,-3.0442343320881085,3.0442343320881085
CHEMBL394788,O=C1c2ccc(O)cc2C(=O)N1c1ccc(O)cc1[N+](=O)[O-],7.67778070526608,7.67778070526608,5.694529636281358,-1.9832510689847211,1.9832510689847211
CHEMBL311878,O=c1c2oc3ccc(O)cc3c2oc2cc(O)cc(O)c12,5.5300307905000405,5.5300307905000405,6.619033650842251,1.0890028603422106,1.0890028603422106
CHEMBL1570659,O=C(O)C1Nc2c(C(=O)N3CCOCC3)cccc2C2C=CCC12,4.799060081458141,4.799060081458141,5.1097728724444815,0.31071279098634097,0.31071279098634097
CHEMBL213529,CCCC12CCC(=O)C(CC)=C1c1ccc3[nH]nnc3c1C2,6.213248577854439,6.213248577854439,6.020757909081076,-0.19249066877336318,0.19249066877336318
CHEMBL83623,Oc1ccc2c(c1)S[C@H](c1cccs1)[C@H](c1ccc(OCCN3CCCCC3)cc1)O2,8.05551732784983,8.05551732784983,7.61771457093726,-0.4378027569125713,0.4378027569125713
CHEMBL4802638,OCCC/C(=C(\c1ccc(O)cc1)c1ccc(OCCN2CC2)cc1)c1ccccc1,6.528708288941061,6.528708288941061,6.600337295794064,0.07162900685300233,0.07162900685300233
CHEMBL1327977,O=C(COC(=O)CC1CCCC1)Nc1cc2c(cc1Cl)C(=O)c1ccccc1C2=O,4.652602845018308,4.652602845018308,5.284477067334303,0.6318742223159957,0.6318742223159957
CHEMBL206441,COc1c(C)cc2c(=O)oc3c(C)c(O)ccc3c2c1C,5.380906669373257,5.380906669373257,5.650027073528236,0.26912040415497884,0.26912040415497884
CHEMBL310972,O=c1c2sc3ccccc3c2oc2cc(O)cc(O)c12,5.435097327470795,5.435097327470795,6.518387619962466,1.0832902924916707,1.0832902924916707
CHEMBL4247748,CC(C)CC(NC(=O)[C@H](O)[C@H](N)Cc1ccccc1)C(=O)O,5.7447274948966935,5.7447274948966935,5.300356665915695,-0.44437082898099867,0.44437082898099867
CHEMBL1587920,CCCc1cc(-n2ccnc2)n2c(nc3ccccc32)c1C#N,4.525796998138942,4.525796998138942,5.280931239247439,0.7551342411084967,0.7551342411084967
CHEMBL196583,Oc1ccc(-c2ccc3c(Br)c(O)ccc3n2)cc1,5.943095148663527,5.943095148663527,6.502727159903964,0.5596320112404367,0.5596320112404367
CHEMBL379008,CCC[C@@H]1C[C@@H]2C[C@]13Cc1cc(O)ccc1C3=C(C)C2=O,7.013228265733755,7.013228265733755,6.50825822453463,-0.5049700411991251,0.5049700411991251
CHEMBL361601,CC(C)[C@@H]1CCN(CCOc2ccc([C@@H]3Oc4ccc(O)cc4S[C@@H]3c3ccc(O)cc3)cc2)C1,9.397940008672036,9.397940008672036,8.822177336685,-0.5757626719870359,0.5757626719870359
CHEMBL4585080,CCCC(CCC)(c1ccc(O)c(C)c1)c1ccc(/C=C/C(=O)O)c(C)c1,7.431798275933005,7.431798275933005,7.12551368870242,-0.3062845872305848,0.3062845872305848
CHEMBL434346,CN(C)c1cccc(N2CCc3cc(O)ccc3C2c2ccc(OCCN3CCCCC3)cc2)c1,7.425941371513536,7.425941371513536,7.613655490075202,0.18771411856166598,0.18771411856166598
CHEMBL206426,O=c1c2c(O)cc(O)cc2ncn1-c1ccc(O)nc1,4.174833627743451,4.174833627743451,4.618598283199324,0.4437646554558734,0.4437646554558734
CHEMBL5424734,Cc1ccc(OCCNCCCF)cc1[C@@H]1c2[nH]c3ccccc3c2C[C@@H](C)N1CC(F)(F)F,8.400007822415901,8.400007822415901,8.489396346154633,0.08938852373873196,0.08938852373873196
CHEMBL280538,C[C@@H]1C(=O)c2ccc(O)cc2O[C@@H]1c1ccc(OCCN2CCCCC2)cc1,5.448184177648985,5.448184177648985,5.790934760923978,0.3427505832749933,0.3427505832749933
CHEMBL6145600,CC/C(=C(/c1ccc(/C=C/C(=O)O)cc1)c1ccc(C(=O)O)cc1)c1ccc(F)cc1Cl,6.472756883611911,6.472756883611911,7.492732020580109,1.0199751369681982,1.0199751369681982
CHEMBL5905151,C[C@]12C=CC(=O)C=C1[C@@H](F)C[C@H]1[C@@H]3C[C@H]4O[C@@H](c5ccc(CSc6ccc(Cl)c(N)c6)cc5)O[C@@]4(C(=O)CO)[C@@]3(C)C[C@H](O)[C@@]12F,5.423658649794207,5.423658649794207,5.04966371203228,-0.3739949377619274,0.3739949377619274
CHEMBL30439,Oc1ccc([C@@H]2Cc3ccc(O)cc3O[C@@H]2c2ccc(OCCN3CCCCC3)cc2)cc1,8.173925197299173,8.173925197299173,7.8896089683731985,-0.28431622892597463,0.28431622892597463
CHEMBL371788,CC1=C(c2ccc(O)cc2)C(=O)c2c(O)cc(O)cc21,7.508638306165727,7.508638306165727,6.829193676588502,-0.6794446295772252,0.6794446295772252
CHEMBL366928,O=C(c1ccc(N2CCN(C3CCCC3)CC2)cc1)c1c(-c2ccc(O)cc2)sc2cc(O)ccc12,8.96657624451305,8.96657624451305,8.685279488238097,-0.2812967562749531,0.2812967562749531
CHEMBL377694,CCCC12CCC(=O)C(Br)=C1c1ccc(O)cc1C2,7.102372908709558,7.102372908709558,6.159049307013552,-0.9433236016960063,0.9433236016960063
CHEMBL1628029,CC(C)CCC[C@@H](C)CCC[C@@H](C)CCC[C@@H]1Cc2cc(O)ccc2[C@H]2CC[C@]3(C)[C@@H](O)CC[C@H]3[C@H]12,6.714442690992226,6.714442690992226,6.997078735928475,0.2826360449362486,0.2826360449362486
CHEMBL94116,Oc1ccc([C@@H]2Sc3c(Cl)cc(O)cc3O[C@@H]2c2ccc(OCCN3CCCCC3)cc2)cc1,9.292429823902063,9.292429823902063,8.283401646362453,-1.0090281775396104,1.0090281775396104
CHEMBL183086,CC[C@H](CN1CCCC1)Oc1ccc([C@@H]2Oc3ccc(O)cc3S[C@@H]2c2ccc(O)cc2)cc1,8.920818753952375,8.920818753952375,8.902207887749054,-0.018610866203321308,0.018610866203321308
CHEMBL391910,C[C@H](CCc1ccc(O)cc1)NC(=O)Cc1c(-c2ccccc2)[nH]c2ccccc12,9.0,9.0,8.069241711517629,-0.9307582884823713,0.9307582884823713
CHEMBL1088483,COc1ccc2c(c1)O[C@H](c1ccc(OCCN3CCCCC3)cc1)C1=C2CCOc2cc(O)ccc21,8.045757490560675,8.045757490560675,8.132538041504349,0.08678055094367387,0.08678055094367387
CHEMBL2403363,CCCC(CCC)(c1ccc(O)c(CC)c1)c1ccc(O)c(CC)c1,6.1014666877464165,6.1014666877464165,7.3711683404600095,1.269701652713593,1.269701652713593
CHEMBL1587260,COc1ccc(C)cc1-n1nnnc1SCC(=O)NC(=O)NCc1ccco1,5.023291085331073,5.023291085331073,4.731167579157213,-0.2921235061738603,0.2921235061738603
CHEMBL1328083,Cc1ccc(N/C=C2/C(=O)N(c3ccc4c(c3)OCO4)C(=O)c3ccccc32)cc1,4.702429438550463,4.702429438550463,5.3087129297762745,0.6062834912258115,0.6062834912258115
CHEMBL1983345,CCOC(=O)c1c(C)oc2c1c(/C=N/C1CCS(=O)(=O)C1)c(O)c1ccccc12,4.795567980310088,4.795567980310088,5.671675029952156,0.8761070496420675,0.8761070496420675
CHEMBL329849,Cc1c(O)ccc2c1O[C@H](c1ccc(OCCN3CCCCC3)cc1)[C@H](c1ccc(O)cc1)S2,8.920818753952375,8.920818753952375,8.397967594443452,-0.5228511595089227,0.5228511595089227
CHEMBL6134469,CC/C(=C(/c1ccc(/C=C/C(=O)O)cc1)c1ccc(-c2cnn(C)c2)cc1)c1ccc(Cl)cc1,7.460923901207224,7.460923901207224,7.363215060724286,-0.09770884048293738,0.09770884048293738
CHEMBL1522044,O=C1C2CC=C(Cl)CC2C(=O)N1CCCCCCN1C(=O)C2CC=C(Cl)CC2C1=O,4.607273860318654,4.607273860318654,5.600119081449704,0.9928452211310503,0.9928452211310503
CHEMBL4247291,CC(=O)N[C@@H](Cc1cnc[nH]1)C(=O)N[C@@H](CCCCN)C(=O)N[C@@]1(C)C[C@@H](C)C/C=C\CCC[C@@](C)(C(=O)N[C@@H](CC(C)C)C(=O)N[C@@H](CCC(N)=O)C(=O)N[C@@H](CC(=O)O)C(=O)N[C@@H](CO)C(N)=O)NC(=O)[C@H](CCCNC(=N)N)NC(=O)[C@H](Cc2cnc[nH]2)NC(=O)[C@H](CC(C)C)NC1=O,7.050609993355087,7.050609993355087,6.605931758886967,-0.44467823446812016,0.44467823446812016
CHEMBL4595968,CN1CCN(c2ccc(/C(=C(/CCCO)c3ccccc3)c3ccc(O)cc3)cc2)CC1,5.769551078621726,5.769551078621726,5.983237144014814,0.21368606539308832,0.21368606539308832
CHEMBL3360841,O=C1C[C@H](c2ccc(O)cc2)N1c1ccc(O)cc1,4.886056647693163,4.886056647693163,5.516792662052472,0.630736014359309,0.630736014359309
CHEMBL2407647,COc1cc(CNC(=O)[C@@]2(Cc3ccccc3)OC(=O)N([C@@H]3CCc4ccccc43)C2=O)cc(OC)c1,4.769551078621726,4.769551078621726,6.3147007291985275,1.5451496505768016,1.5451496505768016
CHEMBL381337,Cc1c(O)ccc2c1OC(C)c1c-2ccc(O)c1C,6.474955192963154,6.474955192963154,6.131685850805315,-0.3432693421578392,0.3432693421578392
CHEMBL3657170,CCc1c(-c2ccc(O)cc2)n(Cc2ccc(OCCN3CCCCC3)cc2)c2ccc(O)cc12,6.823908740944319,6.823908740944319,7.359862034613955,0.5359532936696363,0.5359532936696363
CHEMBL379109,CCCCC12CCC(=O)C(Cl)=C1c1ccc(O)cc1C2,6.943095148663527,6.943095148663527,6.101710144572954,-0.841385004090573,0.841385004090573
CHEMBL1385373,COc1ccccc1NC(=O)c1ccccc1NC(=O)c1cc(Cl)ccc1NC(=O)c1ccco1,4.90268055349511,4.90268055349511,5.9815407931608195,1.0788602396657092,1.0788602396657092
CHEMBL1454402,CC(=O)c1c(C)[nH]c(C(=O)COc2ccc(C#N)cc2)c1C,4.468029458955865,4.468029458955865,4.874510505292989,0.4064810463371238,0.4064810463371238
CHEMBL6171433,CC/C(=C(/c1ccc(/C=C/C(=O)O)cc1)c1ccc(-c2cnn(C)c2)cc1)c1ccc(C)cc1,7.530177984021837,7.530177984021837,7.375722247658192,-0.1544557363636443,0.1544557363636443
CHEMBL3360844,O=C1[C@@H](c2ccc(O)cc2)[C@H](c2ccc(O)cc2)N1c1ccc(O)cc1,5.906239639581768,5.906239639581768,6.219098109642372,0.3128584700606041,0.3128584700606041
CHEMBL5817717,C[C@]12C=CC(=O)C=C1CC[C@@H]1[C@@H]2[C@@H](O)C[C@@]2(C)[C@H]1C[C@H]1O[C@@H](c3ccc(CSc4cccc(N)c4)cc3)O[C@]12C(=O)CO,4.522878745280337,4.522878745280337,5.268092668607834,0.7452139233274968,0.7452139233274968
CHEMBL183489,C[C@@H]1CCCN1CCOc1ccc([C@@H]2Oc3ccc(O)cc3S[C@@H]2c2ccc(O)cc2)cc1,9.154901959985745,9.154901959985745,8.94698477425849,-0.20791718572725415,0.20791718572725415
CHEMBL4742354,CC/C(=C(/c1ccc(/C=C/C(=O)O)cc1)c1cc2ccccc2[nH]1)c1cccc(OC(F)(F)F)c1,8.326979092871104,8.326979092871104,8.40761560796064,0.08063651508953562,0.08063651508953562
CHEMBL4784145,O=C(/C=C/c1ccc(C(=C2CCCCC2)c2ccc(O)cc2)cc1)NCCNC(=O)/C=C/c1ccc(C(=C2CCCCC2)c2ccc(O)cc2)cc1,8.191789027075778,8.191789027075778,8.414269919498674,0.2224808924228956,0.2224808924228956
CHEMBL3657157,Cc1c(-c2ccc(C(F)(F)F)cc2)n(Cc2ccc(OCCN3CCCCC3)cc2)c2ccc(O)cc12,6.769551078621726,6.769551078621726,7.495150839553171,0.7255997609314448,0.7255997609314448
CHEMBL33230,COc1cc([C@@H]2C(=O)c3ccc(O)cc3O[C@@H]2c2ccc(OCCN3CCCCC3)cc2)ccc1O,6.384049948343599,6.384049948343599,7.266452840565016,0.8824028922214167,0.8824028922214167
CHEMBL1616144,CN(C)CC(=O)N1c2ccccc2CCc2ccc(NC(=O)c3ccc(N)cc3)cc21,4.807464883014823,4.807464883014823,6.7189102966527505,1.911445413637927,1.911445413637927
CHEMBL362020,O=C(c1ccc(N2CCN(C(=O)c3ccc([N+](=O)[O-])cc3)CC2)cc1)c1c(-c2ccc(O)cc2)sc2cc(O)ccc12,8.667561540084394,8.667561540084394,7.844690892346071,-0.8228706477383234,0.8228706477383234
CHEMBL328716,Oc1ccc([C@@H]2Sc3c(ccc(O)c3F)O[C@@H]2c2ccc(OCCN3CCCCC3)cc2)cc1,9.096910013008056,9.096910013008056,8.815831163218114,-0.28107884978994235,0.28107884978994235
CHEMBL249700,C=C1C=C2CC[C@H]3[C@@H]4CC[C@H](O)[C@@]4(C)CC[C@@H]3[C@@]2(C)CC1,6.1938200260161125,6.1938200260161125,6.502361614431731,0.3085415884156184,0.3085415884156184
CHEMBL3098274,CCCCCCCCCCCCNCCOc1ccc(/C(=C(/CC)c2ccccc2)c2ccc(O)cc2)cc1,7.853871964321762,7.853871964321762,7.753536360418687,-0.1003356039030745,0.1003356039030745
CHEMBL1462307,O=C(CCCn1c(=S)[nH]c2ccccc2c1=O)N1CCN(c2cccc(Cl)c2)CC1,6.081220678703996,6.081220678703996,5.5020434130560485,-0.5791772656479477,0.5791772656479477
CHEMBL6170941,CC/C(=C(/c1ccc(/C=C/C(=O)O)cc1)c1ccc(-c2cnn(C)c2)cc1)c1ccc(OC)cc1,7.756961951313706,7.756961951313706,7.271465169016589,-0.48549678229711635,0.48549678229711635
CHEMBL4531047,CCCC(CCC)(c1ccc(O)c(C)c1)c1ccc(OCC(=O)NC)c(C)c1,7.366531544420414,7.366531544420414,7.11150471259757,-0.25502683182284347,0.25502683182284347
CHEMBL4473971,CCCC(CCC)(c1ccc(N)c(C)c1)c1ccc(O)c(C)c1,8.769551078621726,8.769551078621726,7.472930678990177,-1.296620399631549,1.296620399631549
CHEMBL328810,CC1(c2ccc(OCCN3CCCCCC3)cc2)c2ccc(O)cc2CCN1c1ccccc1,8.037899140188074,8.037899140188074,7.831314631294008,-0.20658450889406588,0.20658450889406588
CHEMBL206814,CCCCc1nc2cc(O)cc(O)c2c(=O)n1-c1ccc(O)cc1,6.749579997691106,6.749579997691106,5.194977967449918,-1.5546020302411883,1.5546020302411883
CHEMBL396118,C[C@H](CCc1ccc(O)cc1)NC(=O)Cc1c(-c2ccccc2)n(C(=O)c2ccc(OCCN3CCCCC3)cc2)c2ccccc12,6.756961951313706,6.756961951313706,7.413619031780134,0.6566570804664282,0.6566570804664282
CHEMBL1091535,CCC(=C(c1ccc(O)cc1)c1ccc(/C=C/C(=O)O)cc1)c1ccccc1,8.314096770746293,8.314096770746293,8.125036852286891,-0.1890599184594013,0.1890599184594013
CHEMBL5807570,C[C@]12C=CC(=O)C=C1CC[C@H]1[C@@H]3C[C@H]4O[C@@H](c5ccc(CSc6cccc(N)c6)cc5)O[C@@]4(C(=O)CO)[C@@]3(C)C[C@H](O)[C@@]12F,4.522878745280337,4.522878745280337,4.8711285400531725,0.34824979477283513,0.34824979477283513
CHEMBL1480378,Cc1ccnc(NS(=O)(=O)c2ccc(NC(=O)Cc3cccs3)cc2)n1,4.9133611713594165,4.9133611713594165,4.8767941336383265,-0.036567037721090045,0.036567037721090045
CHEMBL1087298,Oc1ccc2c(c1)OCCC1=C2[C@@H](c2ccc(OCCN3CCCCC3)cc2)Oc2ccccc21,8.236572006437063,8.236572006437063,8.236527082308955,-4.492412810819246e-05,4.492412810819246e-05
CHEMBL5756710,CCOc1cc(NC2CN(CCCF)C2)ccc1[C@@H]1c2ccc3[nH]ncc3c2C[C@@H](C)N1CC1(F)CC1,7.823908740944319,7.823908740944319,7.838830664790978,0.014921923846658913,0.014921923846658913
CHEMBL190487,O=C1C(c2ccc(O)cc2)=C(Br)c2c(O)cc(O)cc21,6.1487416512809245,6.1487416512809245,6.899424986402267,0.7506833351213427,0.7506833351213427
CHEMBL201013,CN(C)CCOc1ccc(/C(=C(/CCCO)c2ccccc2)c2ccc(O)cc2)cc1,5.796628611325562,5.796628611325562,6.85515131436976,1.058522703044198,1.058522703044198
CHEMBL4170939,O=C(c1ccccc1)c1ccc2[nH]c(-c3cc4ccccc4[nH]3)nc2c1,7.329012396989966,7.329012396989966,6.0890765529208295,-1.2399358440691364,1.2399358440691364
CHEMBL182887,CC1(C)CCN(CCOc2ccc([C@@H]3Oc4ccc(O)cc4S[C@@H]3c3ccc(O)cc3)cc2)C1,9.0,9.0,8.612793634172908,-0.3872063658270921,0.3872063658270921
CHEMBL6164237,CN1CCN(c2ccc(-c3cc(=O)c4ccccc4o3)cc2)CC1,5.522878745280337,5.522878745280337,5.4933379187418705,-0.029540826538466902,0.029540826538466902
CHEMBL3775978,CCCCCCCCCC(=O)Oc1ccc(/C(=C(/C)c2ccccc2)c2ccc(OCCN3CCCC3)cc2)cc1,7.315154638355588,7.315154638355588,7.4655277363112695,0.15037309795568188,0.15037309795568188
CHEMBL182402,C[C@@H]1CCN([C@@H](C)COc2ccc([C@@H]3Oc4ccc(O)cc4S[C@@H]3c3ccc(O)cc3)cc2)C1,8.886056647693163,8.886056647693163,9.024457214128342,0.13840056643517862,0.13840056643517862
CHEMBL313941,Oc1ccc(C[C@H]2Sc3cc(O)ccc3O[C@H]2c2ccc(OCCN3CCCCC3)cc2)cc1,8.568636235841012,8.568636235841012,8.290732194386221,-0.2779040414547911,0.2779040414547911
CHEMBL204922,Cc1c(O)ccc2c1oc(=O)c1c(C)c(O)ccc12,6.798602875679548,6.798602875679548,5.940335849846485,-0.8582670258330634,0.8582670258330634
CHEMBL183263,CC(C)[C@@H](COc1ccc([C@@H]2Oc3ccc(O)cc3S[C@@H]2c2ccc(O)cc2)cc1)N1CCCC1,9.154901959985745,9.154901959985745,8.682442927308443,-0.4724590326773015,0.4724590326773015
CHEMBL4159656,CC1=C(c2cccc(O)c2)[C@@H](c2ccc(OC[C@H](C)N3CC[C@@H](C)C3)cc2)Oc2ccc(O)cc21,6.866461091629782,6.866461091629782,8.365709960756321,1.4992488691265393,1.4992488691265393
CHEMBL191836,O=C1C(c2ccc(O)cc2)=C(c2ccccc2)c2cc(O)cc(O)c21,8.522878745280337,8.522878745280337,7.0162179310787,-1.5066608142016378,1.5066608142016378
CHEMBL4247551,CC(=O)N[C@@H](Cc1cnc[nH]1)C(=O)N[C@@H](CCCCN)C(=O)N[C@@]1(C)CCC/C=C\CCC[C@@](C)(C(=O)N[C@@H](CC(C)C)C(=O)N[C@@H](CCC(N)=O)C(=O)N[C@@H](CC(=O)O)C(=O)N[C@@H](CO)C(N)=O)NC(=O)[C@H](CCCNC(=N)N)NC(=O)[C@H](Cc2cnc[nH]2)NC(=O)[C@H](CC(C)C)NC1=O,6.4089353929735005,6.4089353929735005,6.239071407660506,-0.16986398531299418,0.16986398531299418
CHEMBL135,C[C@]12CC[C@@H]3c4ccc(O)cc4CC[C@H]3[C@@H]1CC[C@@H]2O,8.609946095481167,8.609946095481167,6.795132140049149,-1.814813955432018,1.814813955432018
CHEMBL3597498,CC[C@H](C)[C@@H]1NC(=O)[C@H](NC(=O)[C@@H](N)CCCCN)CSSC[C@@H](C(=O)N[C@@H](CCCNC(=N)N)C(=O)N[C@@H](CC(C)C)C(=O)N[C@@H](CC(C)C)C(=O)N[C@@H](CCC(N)=O)C(N)=O)NC(=O)[C@H](CC(C)C)NC1=O,7.455931955649724,7.455931955649724,7.017615787805818,-0.43831616784390626,0.43831616784390626
CHEMBL209623,CC[C@@]12CCC(=O)C(C3CC3)=C1c1ccc3[nH]ncc3c1C2,6.327902142064283,6.327902142064283,6.374228560957454,0.04632641889317135,0.04632641889317135
CHEMBL93546,Oc1ccc2c(c1)SC(c1ccc(F)cc1)C(c1ccc(OCCN3CCCCC3)cc1)O2,8.42021640338319,8.42021640338319,7.9983137631873,-0.4219026401958903,0.4219026401958903
CHEMBL85536,Oc1ccc2c(c1)S[C@H](Cc1ccccc1)[C@H](c1ccc(OCCN3CCCCC3)cc1)O2,8.130768280269024,8.130768280269024,7.860530977224921,-0.27023730304410254,0.27023730304410254
CHEMBL180707,O=C(c1ccc(N2CCN(C(=O)c3ccc(Cl)cc3)CC2)cc1)c1c(-c2ccc(O)cc2)sc2cc(O)ccc12,9.382741358243656,9.382741358243656,8.658742291220925,-0.7239990670227314,0.7239990670227314
CHEMBL5174813,O=C(c1ccc(OCCN2C=Cc3ccccc3C2)cc1)c1c(-c2ccc(O)cc2)oc(=O)c2cc(O)ccc12,9.148741651280924,9.148741651280924,7.554693555552262,-1.5940480957286614,1.5940480957286614
CHEMBL1491959,CCc1ccc2nc(O)c(CN(Cc3ccc4c(c3)OCO4)C(=O)c3ccco3)cc2c1,4.581836809758718,4.581836809758718,6.40775039702992,1.8259135872712022,1.8259135872712022
CHEMBL1405,C[C@]12CC[C@@H]3c4ccc(O)cc4CC[C@H]3[C@@H]1CCC2=O,7.1076913536835615,7.1076913536835615,6.326874456143586,-0.7808168975399754,0.7808168975399754
CHEMBL280986,CC(C)=CCC[C@](C)(O)C1CC[C@]2(C)C1[C@H](O)CC1[C@@]3(C)CC[C@H](O)C(C)(C)C3CC[C@]12C,4.580044251510242,4.580044251510242,6.24708406415238,1.6670398126421384,1.6670398126421384
CHEMBL1466882,Cc1nnc(NC(=O)Cc2cccs2)s1,4.720274439276242,4.720274439276242,4.959523809907553,0.23924937063131146,0.23924937063131146
CHEMBL183049,C[C@H]1CCN(CCOc2ccc([C@@H]3Oc4ccc(O)cc4S[C@@H]3c3ccc(O)cc3)cc2)C1,9.0,9.0,8.843080254301976,-0.15691974569802447,0.15691974569802447
CHEMBL4596092,CC(C)N1CCN(c2ccc(/C(=C(/CCCO)c3ccccc3)c3ccc(NS(C)(=O)=O)cc3)cc2)CC1,6.384049948343599,6.384049948343599,6.823000260713611,0.4389503123700118,0.4389503123700118
CHEMBL183162,Oc1ccc2c(c1)CO[C@H](c1ccccc1)[C@@H]2c1ccc(OCCN2CCCC2)cc1,8.619788758288394,8.619788758288394,7.709925101438298,-0.9098636568500957,0.9098636568500957
CHEMBL512579,Cc1c(O)c(C)c2occ(-c3ccc(O)cc3)c(=O)c2c1O,4.991399828238082,4.991399828238082,5.943981866321319,0.9525820380832366,0.9525820380832366
CHEMBL3586192,CCCCCCCCCCCCCCNCCOc1ccc(/C(=C(/CC)c2ccccc2)c2ccc(O)cc2)cc1,7.958607314841775,7.958607314841775,7.638461003137015,-0.32014631170476004,0.32014631170476004
CHEMBL3657169,Cc1cc(O)ccc1-c1c(Cl)c2cc(O)ccc2n1Cc1ccc(OCCN2CCCCC2)cc1,7.886056647693163,7.886056647693163,7.862635627182055,-0.02342102051110828,0.02342102051110828
CHEMBL4800591,C[C@@H]1Cc2c([nH]c3ccccc23)[C@@H](c2cnc(N3CCC(CN4CCOC5(CC4)CCN(c4ccc6c(c4)CN(C4CCC(=O)NC4=O)C6=O)CC5)CC3)nc2)N1CC(C)(C)F,8.275724130399212,8.275724130399212,8.457884950396096,0.18216081999688427,0.18216081999688427
CHEMBL441366,CCCC[C@@]12CCC(=O)C(CC)=C1c1ccc3[nH]nnc3c1C2,6.657577319177793,6.657577319177793,5.679989534354816,-0.977587784822977,0.977587784822977
CHEMBL1469743,O=Cc1ccc2oc3nc4n(c(=O)c3c(=O)c2c1)CCCS4,4.7495646268662846,4.7495646268662846,5.059737272889391,0.3101726460231067,0.3101726460231067
CHEMBL205614,COc1ccc2c(c1C)c(=O)oc1c(C)c(O)ccc12,6.0,6.0,5.384794932005938,-0.6152050679940624,0.6152050679940624
CHEMBL5081355,CC/C(=C(\c1ccccc1)c1cccc(OCCN2CCCC2)c1)c1ccccc1,7.091514981121351,7.091514981121351,6.729063016142318,-0.36245196497903365,0.36245196497903365
CHEMBL5404753,C[C@@H]1Cc2c([nH]c3ccccc23)[C@@H](c2cccc(OCCNCCCF)c2)N1CC(F)(F)F,8.79997073344623,8.79997073344623,8.016114409443167,-0.7838563240030627,0.7838563240030627
CHEMBL4803501,OCCC/C(=C(\c1ccc(O)cc1)c1ccc(OCCN2CCOCC2)cc1)c1ccccc1,5.670602120638957,5.670602120638957,6.732257452488939,1.0616553318499822,1.0616553318499822
CHEMBL1580036,Cc1ccc(S(=O)(=O)Cc2ccc(C(=O)O)o2)cc1,4.741822153600847,4.741822153600847,5.203985761499706,0.4621636078988596,0.4621636078988596
CHEMBL3427385,O=C(O)/C=C/c1ccc(Cc2c(-c3ccccc3)c(=O)oc3cc(O)ccc23)cc1,8.09151498112135,8.09151498112135,7.124650738594109,-0.9668642425272402,0.9668642425272402
CHEMBL4225599,COc1ccc2c(c1)OCCC(c1ccc(O)cc1)=C2c1ccc(OCC(=O)O)cc1,6.367542707815276,6.367542707815276,7.428807707804648,1.0612649999893717,1.0612649999893717
CHEMBL232023,Cc1c(/C=N/O)c2ccccc2n1-c1ccc(O)c(F)c1,6.525783735923745,6.525783735923745,5.93992512045736,-0.5858586154663845,0.5858586154663845
CHEMBL226379,Oc1ccc2c(Oc3ccc(OCCN4CCCCC4)cc3)c(-c3ccc(NCCCl)cc3)sc2c1,7.448550002027125,7.448550002027125,7.394704700128461,-0.05384530189866421,0.05384530189866421
CHEMBL5935056,C[C@@H]1Cc2c(ccc3[nH]ncc23)[C@@H](c2cnc(NC3CN(CCCF)C3)cn2)N1CC1(F)CC1,8.086186147616283,8.086186147616283,7.703088576771002,-0.3830975708452815,0.3830975708452815
CHEMBL380452,C/C=C/c1cccc2c(=O)oc3c(C)c(O)ccc3c12,5.518557371497695,5.518557371497695,5.524328879105235,0.005771507607540194,0.005771507607540194
CHEMBL1390963,COc1cccc2sc(Nc3nnc(-c4ccc(F)cc4)o3)nc12,4.6026764319041735,4.6026764319041735,4.836500617237587,0.23382418533341376,0.23382418533341376
CHEMBL3214324,CN(/N=C/c1cccnc1)c1cnn(-c2ccc(F)c(Cl)c2)c(=O)c1Cl,4.747933049407164,4.747933049407164,4.815486643971659,0.06755359456449472,0.06755359456449472
CHEMBL4227113,O=C(/C=C/c1ccc(C2=C(c3ccc(O)cc3)CCOc3cc(F)ccc32)cc1)Nc1ccccc1,7.931814138253839,7.931814138253839,7.285125549395423,-0.6466885888584155,0.6466885888584155
CHEMBL181862,Oc1ccc([C@H]2Sc3cc(O)ccc3O[C@H]2c2ccc(OCCN3CC[C@@H]4C[C@@H]43)cc2)cc1,9.30102999566398,9.30102999566398,9.070533777774804,-0.23049621788917563,0.23049621788917563
CHEMBL1525366,CCOC(=O)C1CCCN(C(=O)c2cc3ncc(Br)cn3n2)C1,4.684427835395459,4.684427835395459,4.727652638284194,0.043224802888735425,0.043224802888735425
CHEMBL5971212,C[C@@H]1Cc2c(ccc3[nH]nc(F)c23)[C@@H](c2ccc(NC3CN(CCCF)C3)cn2)N1CC(F)(F)CO,9.05551732784983,9.05551732784983,8.459900071235765,-0.5956172566140658,0.5956172566140658
CHEMBL4225156,CCN(CC)C(=O)/C=C/c1ccc(C2=C(c3ccc(O)cc3)CCOc3cc(F)ccc32)cc1,6.45717457304082,6.45717457304082,7.28085630838673,0.82368173534591,0.82368173534591
CHEMBL181369,C[C@@H]1c2c(ccc(O)c2F)O[C@@H](c2ccc(OCCN3CCCC3)cc2)[C@H]1c1ccc(O)cc1,9.045757490560677,9.045757490560677,8.824186559509336,-0.22157093105134074,0.22157093105134074
CHEMBL3098273,CCCCCCNCCOc1ccc(/C(=C(/CC)c2ccccc2)c2ccc(O)cc2)cc1,6.82102305270683,6.82102305270683,7.524342339000439,0.7033192862936088,0.7033192862936088
CHEMBL196836,Oc1ccc2c(c1)sc1c3ccccc3n(Cc3ccc(OCCN4CCOCC4)cc3)c21,6.899629454882437,6.899629454882437,7.55381243975671,0.6541829848742733,0.6541829848742733
CHEMBL3427411,Cc1cc(F)ccc1-c1c(Cc2ccc(/C=C/C(=O)O)cc2)c2ccc(C(F)F)cc2oc1=O,6.4089353929735005,6.4089353929735005,7.655996661735362,1.2470612687618612,1.2470612687618612
CHEMBL4203135,O=C1CCC2=C1C(c1cc3ccccc3n1Cc1ccccc1)C1=C(CCC1=O)O2,4.290814870449754,4.290814870449754,5.871203168162573,1.580388297712819,1.580388297712819
CHEMBL327471,Cc1cc(O)cc2c1O[C@H](c1ccc(OCCN3CCCCC3)cc1)[C@H](c1ccc(O)cc1)S2,8.275724130399212,8.275724130399212,8.514303636937026,0.238579506537814,0.238579506537814
CHEMBL202894,CCc1nc2cc(O)cc(O)c2c(=O)n1-c1ccc(O)cc1,4.711370765335011,4.711370765335011,5.206378237871691,0.4950074725366802,0.4950074725366802
CHEMBL3199523,Cc1cc(C)c(S(=O)(=O)/N=C2\C=CC(=O)C(Cl)=C2)c(C)c1,4.9878058383291775,4.9878058383291775,5.585274024846286,0.5974681865171085,0.5974681865171085
CHEMBL4782243,C[C@]12CC[C@@H]3c4ccc(O)cc4C[C@@H](CCCCCCCCC[S@@](=N)(=O)CCCC(F)(F)C(F)(F)F)[C@H]3[C@@H]1CC[C@@H]2O,8.744727494896694,8.744727494896694,8.087252880446009,-0.6574746144506847,0.6574746144506847
CHEMBL204642,C=C[C@]12CC[C@H](O)CC1=CCC1C2CC[C@@]2(C)C1CC[C@]2(C)O,5.9775716288145135,5.9775716288145135,5.873291087000541,-0.1042805418139725,0.1042805418139725
CHEMBL1395826,O=C(CCCCCn1c(=S)[nH]c2ccccc2c1=O)N1CCC(O)(c2ccc(Cl)cc2)CC1,7.096910013008056,7.096910013008056,6.33686694433117,-0.760043068676886,0.760043068676886
CHEMBL304552,Oc1ccc([C@H]2Sc3cc(O)ccc3O[C@H]2c2ccc(OCCN3CCCCC3)cc2)cc1,9.038082842323822,9.038082842323822,8.332600062083516,-0.7054827802403061,0.7054827802403061
CHEMBL3657144,Cc1c(-c2ccc(O)cc2)n(Cc2ccc(OCCN3CCCCCCC3)cc2)c2ccc(O)cc12,7.522878745280337,7.522878745280337,7.193364865266753,-0.32951388001358417,0.32951388001358417
CHEMBL185083,Oc1ccc([C@H]2Sc3cc(O)ccc3O[C@H]2c2ccc(OCCN3CC4(CCC4)C3)cc2)cc1,9.397940008672036,9.397940008672036,8.613560679058965,-0.7843793296130706,0.7843793296130706
CHEMBL369991,CC/C=C\[C@]12CC[C@H](O)CC1=CCC1C2CC[C@@]2(C)C1CC[C@@H]2O,5.5168407902830205,5.5168407902830205,5.87045745537525,0.3536166650922299,0.3536166650922299
CHEMBL3213380,CCOC(=O)C1=c2/c(=C/c3ccccc3OC)c(N)c(C#N)n2C(=O)C(c2ccccc2OC)S1,5.008835970808347,5.008835970808347,6.179364914471056,1.1705289436627089,1.1705289436627089
CHEMBL211666,O=C1CC[C@@]2(CC3CC3)Cc3c(ccc4[nH]ncc34)C2=C1Br,6.638272163982407,6.638272163982407,6.217145313493383,-0.4211268504890242,0.4211268504890242
CHEMBL441457,Oc1ccc([C@@H]2Sc3cc(O)cc(Cl)c3O[C@@H]2c2ccc(OCCN3CCCCC3)cc2)cc1,8.275724130399212,8.275724130399212,8.323957683615959,0.04823355321674683,0.04823355321674683
CHEMBL279301,CC/C(=C(/c1ccc(O)cc1)c1ccc(OCCN(C)C)cc1)c1ccccc1,8.649751981665837,8.649751981665837,8.376656759999825,-0.2730952216660114,0.2730952216660114
CHEMBL1421864,CCOC(=O)C1=C(C)S/C(=C\N(C)C)C1=O,4.394716507469749,4.394716507469749,5.139500274593759,0.7447837671240105,0.7447837671240105
CHEMBL1082224,Oc1ccc2c(c1)OCCC1=C2[C@@H](c2ccc(OCCN3CCCCCC3)cc2)Oc2cc(F)ccc21,8.481486060122112,8.481486060122112,8.159913227461654,-0.32157283266045766,0.32157283266045766
CHEMBL1484998,O=C(NCc1ccco1)c1cc2cc3ccc(Cl)cc3nc2o1,4.751930806864504,4.751930806864504,4.946254301334836,0.19432349447033204,0.19432349447033204
CHEMBL3657138,COc1ccc(-c2c(C)c3cc(O)ccc3n2Cc2ccc(OCCN3CCCCC3)cc2)cc1,6.522878745280337,6.522878745280337,7.021849323967343,0.4989705786870058,0.4989705786870058
CHEMBL2407651,C[C@H](c1ccc(F)cc1)N1C(=O)O[C@](Cc2ccc(F)cc2)(C(=O)NCc2ccc(Cl)c(Cl)c2)C1=O,5.136677139879544,5.136677139879544,6.437888012995004,1.3012108731154601,1.3012108731154601
CHEMBL319211,CC1(c2ccc(OCCN3CCCC3)cc2)c2ccc(O)cc2CCN1c1cccc(F)c1,7.965971109326581,7.965971109326581,8.007798235493691,0.04182712616711015,0.04182712616711015
CHEMBL198204,C#Cc1cc(-c2cc(F)c(O)c(F)c2)nc2ccc(O)cc12,5.31695296176115,5.31695296176115,6.039447743001382,0.7224947812402318,0.7224947812402318
CHEMBL3775766,CC(C)CN1[C@H](c2c(F)cc(/C=C/C(=O)O)cc2F)c2ccc(O)cc2CC1(C)C,8.744727494896694,8.744727494896694,7.994130382386938,-0.7505971125097552,0.7505971125097552
CHEMBL5399407,COc1ccc(OCCNCCCF)cc1[C@@H]1c2[nH]c3ccccc3c2C[C@@H](C)N1CC(F)F,8.700057099977233,8.700057099977233,8.20003787153516,-0.5000192284420724,0.5000192284420724
CHEMBL5985085,C[C@@H]1Cc2c(ccc3[nH]ncc23)[C@@H](c2c(F)cc(NC3CN(CCCF)C3)cc2F)N1CC(F)F,8.823908740944319,8.823908740944319,8.399575357271003,-0.4243333836733161,0.4243333836733161
CHEMBL1784260,COc1cc(O)c(/C=C\C(C)(C)O)c(O)c1C(=O)/C=C/c1ccc(O)cc1,4.096910013008056,4.096910013008056,5.1702567658348615,1.0733467528268053,1.0733467528268053
