Feature,ImportanceMean_MAEDecrease,ImportanceStd
Mordred_VR2_A,0.00897142269829386,0.0022227051600130876
Mordred_GATS5s,0.00889881504662672,0.0018656200789594322
Mordred_ATS7d,0.008707230526717319,0.001208898677817288
Mordred_ATS5p,0.008165209406034588,0.0009553256711809121
Mordred_ATS7v,0.007215938301761607,0.0013782951761064906
Mordred_ATS6v,0.007114300168794788,0.0011916728697901982
Mordred_ATS6d,0.006773428874012194,0.001208921779312619
Mordred_VR1_A,0.006691806660714686,0.0014661109971214887
Mordred_ATS7pe,0.006159800962588835,0.0013502642463037108
Mordred_ATS7p,0.005632581154588742,0.0010751780537309962
Mordred_Kier3,0.005454020516564323,0.0015924465168325721
Mordred_ATS6p,0.005442672422190417,0.0010140589137457477
Mordred_ATS8i,0.005257122738192774,0.0009506340332443334
Mordred_MDEC-23,0.005218119039526417,0.0008766873906451539
Mordred_SpDiam_A,0.00519349886818897,0.0006787411152212646
Mordred_ATS8pe,0.005040880322192812,0.0007136960299643237
Mordred_ATS5v,0.0046770081169690975,0.0007919319807737934
Mordred_MATS6s,0.004631384501526475,0.00046213238177416146
Mordred_ATS7se,0.004593923303700745,0.0009328464703281409
Mordred_AXp-7d,0.004549762427005888,0.0010625778203511912
Mordred_Xpc-6dv,0.004197213971200445,0.0008367340237676638
Mordred_MPC9,0.004161257134075877,0.0007954092822496932
Mordred_MPC8,0.004134135743222508,0.0006930643298155005
Mordred_ATS8are,0.004111947764201845,0.0006545114040750988
Mordred_CIC0,0.004087567927654898,0.0006877525233538155
Mordred_ATS7are,0.00408173741663255,0.0008180726707706124
Mordred_ETA_dEpsilon_D,0.003908129739227786,0.0005386626376919098
Mordred_AXp-6d,0.0038697252377003083,0.0012881234056932645
Mordred_ATS8p,0.00383272595631913,0.0009745155037247286
Mordred_ATS4p,0.0038011791656458044,0.0006228256293094218
Mordred_MATS1v,0.0037670141996578865,0.000961923493024109
Mordred_AXp-5d,0.003759262191619886,0.001221682445668786
Mordred_GATS4s,0.0036827908756095346,0.0005357947024989386
Mordred_AATSC1d,0.003582233962515863,0.0009737509896646967
Mordred_ATS5d,0.003574303284095373,0.0007571316232516676
Mordred_AATSC1v,0.0035167436312449063,0.0007208447696718241
Mordred_BCUTZ-1h,0.0034932780705910493,0.00046114706087413605
Mordred_AATSC6s,0.003479013372695891,0.00026943722764116295
Mordred_ATS7i,0.0034765325527811725,0.0006465197283577457
Mordred_TMPC10,0.0033662324817270717,0.0007028058026656165
Mordred_ATS4v,0.003355496418882206,0.0006927075618141615
Mordred_GATS5pe,0.0033166682410415843,0.0005077336491454269
Mordred_ATSC6s,0.0033118320046913313,0.0003243223954919633
Mordred_ATS4d,0.0033038292899763427,0.0006308736583653723
Mordred_SdO,0.003289694785998748,0.0008321133382658293
Mordred_TIC4,0.0032602124837029373,0.0005567129168289496
Mordred_AMID_h,0.003191376968371726,0.0003908027618996655
Mordred_Xch-7d,0.0031743235730766345,0.0007840188704511613
Mordred_SLogP,0.00316527078784358,0.0003890543107358208
Mordred_VE1_A,0.003154978302796471,0.0006718824615840335
Mordred_CIC1,0.003088861725683928,0.0008242496803763506
Mordred_GATS5are,0.00300840788226589,0.0007753492933986689
Mordred_MPC7,0.0029829724074809105,0.0006046769528072571
Mordred_ATS8se,0.0029645397713604915,0.0005225685157443088
Mordred_nHBDon,0.002919492323589401,0.0007624577361593524
Mordred_ATS6are,0.0028755739488411647,0.0003527354622575963
Mordred_MID_C,0.002764148807535838,0.0006128048783276884
Mordred_Xpc-5dv,0.00274818743591157,0.0005659738925532347
Mordred_MPC10,0.002684780461577413,0.00039577333544153905
Mordred_AMID_C,0.002646871112197524,0.0004142709882901823
Mordred_SpMax_A,0.002606968912323343,0.000573919657290115
Mordred_ATSC1v,0.002602437958901027,0.0005992898718079017
Mordred_MPC6,0.0025863235869629936,0.00039936060527414685
Mordred_VSA_EState2,0.0024968456258605137,0.0004113050774074032
Mordred_AXp-2d,0.002496009829386664,0.001159382109974526
Mordred_nBondsD,0.0024942074877482706,0.000334207775533702
Mordred_AXp-4d,0.0024760056884335496,0.0007107861314940687
Mordred_MATS2s,0.002473854159208394,0.00039811616548494005
Mordred_BCUTse-1l,0.002434117479647044,0.0005629352862124931
Mordred_MATS3i,0.002410620140491926,0.0006699496631185525
Mordred_BCUTpe-1l,0.00238349463477891,0.0005999033623091994
Mordred_SIC0,0.0023792440897951184,0.0006111609132807835
Mordred_GATS1i,0.0023279732902275613,0.0005016723431602236
Mordred_ATS3v,0.002294906754682066,0.0004254219453452074
Mordred_JGI5,0.002289409583332014,0.0001933977358620275
Mordred_VR3_A,0.002283920025742861,0.0007472838945387379
Mordred_GATS5se,0.0022447832731704587,0.0004403579130933902
Mordred_ATS5pe,0.002237622834131231,0.0002876775461610413
Mordred_nAHRing,0.002228960729530091,0.0004724819582187324
Mordred_TIC5,0.0021928391436363964,0.00026099448340666037
Mordred_BCUTZ-1l,0.0021529855371079792,0.0008110451292137574
Mordred_BCUTm-1l,0.002149433728325059,0.0007996037338224743
Mordred_SpMax_Dt,0.002147239442505,0.0005440147039659692
Mordred_ATS5se,0.0021280079921021794,0.00034358156688744354
Mordred_NdssC,0.00212515149610136,0.0005213017591782708
Mordred_Diameter,0.0021195520088457126,0.0006977316996552893
Mordred_AATSC2s,0.0020911765056187415,0.0003264613292554849
Mordred_MATS3d,0.002042926962291275,0.0009315622753848067
Mordred_nC,0.002012329176886596,0.0004887459120809228
Mordred_ATS0v,0.0019962314460544306,0.0003141797236110762
Mordred_nFHRing,0.0019892971846761504,0.00043628265567573714
Mordred_VSA_EState3,0.001971485658035052,0.0005014521984418964
Mordred_nBondsM,0.0019249700457113217,0.000245326800376267
Mordred_BIC0,0.0019077274302781444,0.00041481217841855383
Mordred_ATS6pe,0.0019033177759264497,0.0004987579444338468
Mordred_MATS1p,0.001893885154681904,0.0003239397778489075
Mordred_AATSC0m,0.0018858226692591157,0.00039853040917588786
Mordred_Xpc-4dv,0.0018511093227166209,0.00041261749555812817
Mordred_Xch-7dv,0.00184014886989739,0.00025894261232756383
Mordred_AATSC3d,0.0018381357231958967,0.0007706912447496215
Mordred_ATS6m,0.0017953860443002817,0.0003282068078142906
Mordred_GATS3i,0.001788511441040544,0.0003807555276139598
Mordred_MINdssC,0.0017828106469993388,0.00036858770196753664
Mordred_SpMAD_DzZ,0.0017807659093388023,0.0004637424552275369
Mordred_BCUTm-1h,0.001779742716648769,0.00030289854972474127
Mordred_AATS4se,0.001759486549804165,0.00043074123272832625
Mordred_MINssCH2,0.001759354613361741,0.00033295714538157754
Mordred_BCUTare-1l,0.0017591494702044463,0.00045768187878736437
Mordred_ATS5i,0.0017346766577101824,0.00038699384074791023
Mordred_IC5,0.0017195082546306445,0.0002645665232274326
Mordred_MID_N,0.0017150984503601363,0.0003740769342826755
Mordred_Sp,0.001711823716592148,0.00034571433801627616
Mordred_MID_h,0.0017064405356854162,0.0005003533014488326
Mordred_ATSC1p,0.0016964230511929967,0.0004847766546038208
Mordred_IC0,0.0016920538955765285,0.00036243041582776665
Mordred_MPC5,0.0016842676831585884,0.00022482053816748075
Mordred_SMR,0.001681313721029143,0.00031315475673371964
Mordred_ATS1v,0.0016748618790425884,0.0002705535247365205
Mordred_ATS8v,0.001657496414635612,0.00044988693946338576
Mordred_SpMAD_Dt,0.001654435169350224,0.00040529070449481154
Mordred_VR2_Dzp,0.0016522360213145348,0.0004961502792973015
Mordred_ATSC2s,0.0016520175835269268,0.0002494081870132829
Mordred_VE2_Dzv,0.001631159102621224,0.00025518127887420324
Mordred_ATS8d,0.0016155843839668615,0.000250716334431742
Mordred_nFRing,0.0016047191791171145,0.0007344085785736344
Mordred_MIC0,0.0015934071506528008,0.0002853794179655855
Mordred_AATSC0Z,0.001588275201896916,0.00032027049729234266
Mordred_VMcGowan,0.0015831037755827254,0.0003311110943053567
Mordred_LogEE_Dt,0.0015520345976584304,0.0002712330969854624
Mordred_GATS5c,0.001551607087260043,0.00027317830777965767
Mordred_SIC1,0.0015320061609600255,0.00029555253964618845
Mordred_Vabc,0.0014886497758320044,0.00036142142776355776
Mordred_MATS3p,0.0014866711804981253,0.00034591623430568373
Mordred_AATSC3i,0.0014719566709461562,0.00030154856459948767
Mordred_GATS4dv,0.0014584505131136766,0.00030873284238225947
Mordred_ATS6i,0.0014563156407109284,0.0002695683727145247
Mordred_Xch-5dv,0.0014522973636585668,0.0002001750666996294
Mordred_AXp-3d,0.0014512625865582968,0.0003325101092082796
Mordred_TIC3,0.001442951837420492,0.00024745528842140703
Mordred_AATSC1i,0.0014148983463937448,0.0003305200770955932
Mordred_SpMAD_Dzm,0.0013930162812683805,0.00022119726195672103
Mordred_ATS3p,0.0013778104238084121,0.00015817050372398173
Mordred_Sv,0.001368028403927593,0.0001810679509733885
Mordred_piPC8,0.001361776409162338,0.00018740968265872846
Mordred_MDEC-33,0.0013498142793117729,0.0002954209675179323
Mordred_VR2_DzZ,0.0013478638708422086,0.0002649921348434769
Mordred_TopoPSA,0.0013453704788651405,0.000418041650374649
Mordred_AATSC5c,0.00134522422242149,0.0006203744525548168
Mordred_SpMAD_D,0.0013370327528459958,0.00021700246846773123
Mordred_Xc-5dv,0.0013265282517049837,0.00033538790768134386
Mordred_BCUTdv-1l,0.0013211755928448504,0.0004173275309874043
Mordred_ATSC3i,0.0012811951998055598,0.00032184598651212456
Mordred_ETA_epsilon_4,0.0012791018445833802,0.00024331325143610628
Mordred_AATS5se,0.0012735073293922844,0.00019971343116818047
Mordred_GATS4are,0.0012734359013761853,0.0003096245248209897
Mordred_VR2_Dzpe,0.0012662106416548718,0.0002518046202129884
Mordred_SpMAD_Dzare,0.0012656263851684862,0.0003606244986007866
Mordred_ATS7Z,0.0012573894231719673,0.00017951660065054832
Mordred_BCUTpe-1h,0.0012571411469153165,0.00014793102184530927
Mordred_AATS1Z,0.001246782729224516,0.00014389471148088353
Mordred_nBondsKD,0.001242714645425469,0.00019004473596762457
Mordred_SpAbs_Dt,0.0012315918115730767,0.00023834822933832287
Mordred_GATS1Z,0.0012315670508933063,0.0003694839441545237
Mordred_PEOE_VSA7,0.00122984583037275,0.00026086565726385217
Mordred_BCUTare-1h,0.00122897358120988,0.00028931135781302546
Mordred_MAXdO,0.0012212770233850506,0.0002859430451724107
Mordred_SM1_Dzm,0.0012203348639674289,0.0001565177384148133
Mordred_ATSC0v,0.001200233346045007,0.0003406641882798943
Mordred_ATS6se,0.001192653924476622,0.00034531287690368
Mordred_BCUTd-1l,0.0011884630277891467,0.00016993247234956796
Mordred_piPC7,0.0011868265402385225,0.00011702228243866614
Mordred_VE2_Dzm,0.0011855136390514498,0.00023349256836847248
Mordred_BIC1,0.001183501660964384,0.000272855441473717
Mordred_BCUTc-1l,0.0011819512330863702,0.00015919299248742135
Mordred_MATS1d,0.001173321482896325,0.00032865150181172483
Mordred_BCUTi-1l,0.0011727476591095604,0.0004205655348139803
Mordred_GATS1d,0.0011622483389682053,0.0004891172936415713
Mordred_Xp-6d,0.0011556572863847675,0.0001881454725067889
Mordred_ATS6Z,0.001155385973944767,0.00018673175035500685
Mordred_ATSC1se,0.0011524273517823785,0.0003642781198228976
Mordred_AATS6are,0.0011505414526205293,0.0001163858332262534
Mordred_GATS5dv,0.0011487805003800172,0.00025030059379346515
Mordred_Xp-6dv,0.0011454873783144776,0.0004131878819829146
Mordred_TpiPC10,0.0011443225916776822,7.978255513847663e-05
Mordred_VR3_Dzp,0.0011360143627360958,0.0002755823930363611
Mordred_EState_VSA2,0.0011234855041865055,0.00032526621175801455
Mordred_ATSC1i,0.0011211326408252648,0.0002457619277224214
Mordred_AATS1m,0.001113031004629908,0.0003476653382277649
Mordred_ATS5Z,0.0010995173050880463,0.00022273405871055097
Mordred_ZMIC0,0.001097182394512189,0.0002874942753893099
Mordred_AATS2d,0.001094741624907733,0.00032050749081068266
Mordred_AATS2pe,0.0010899342699640102,0.00018064564004094554
Mordred_ATS1se,0.001087670859362025,0.00022278743072590813
Mordred_AATSC1p,0.0010855888924047319,0.0002709840510498989
Mordred_AATSC1dv,0.001085180814025144,0.0004410191896864804
Mordred_AXp-1d,0.0010765501007655859,0.00010977154096825807
Mordred_SaasN,0.0010724760096877672,0.00031196642320877824
Mordred_BCUTv-1h,0.0010722500836960747,0.00034456853389148377
Mordred_MATS1i,0.0010686296536194517,0.0002917189976936408
Mordred_MINsOH,0.0010490183779207213,0.0002630231672488833
Mordred_VR1_Dzm,0.0010487865221640441,0.00019249474307404476
Mordred_AETA_beta_s,0.0010311985988293165,0.00022352327004222705
Mordred_AATSC4se,0.0010296374054815927,0.00038652698713257804
Mordred_GATS6c,0.0010250158751120703,0.00025140096021846234
Mordred_ATS5are,0.0010248815477763573,0.0002028082284083371
Mordred_n9FRing,0.0010229293054010158,0.0003028229582952503
Mordred_GGI5,0.0010194963514574829,0.000199854427131194
Mordred_MDEO-12,0.0010159632317623957,0.00017925847323856965
Mordred_GATS1c,0.0010106866842240075,0.00017388676180722087
Mordred_BCUTp-1h,0.0010104581717790273,0.0003318325257946841
Mordred_GATS1pe,0.0010001287246237806,0.00038949228393834616
Mordred_BCUTse-1h,0.0009898939981943106,0.00025168161028591026
Mordred_apol,0.000987609510839288,0.0001388000888971328
Mordred_MATS4se,0.0009853685432199277,0.00046034165295569403
Mordred_AATS5s,0.0009781061333025698,0.00018907231033887781
Mordred_AMID_N,0.0009720029771112665,0.0003254836035686794
Mordred_JGI2,0.0009667711031613041,0.00027879435255156223
Mordred_TSRW10,0.0009656260319226978,0.0001705256937876173
Mordred_AATS4i,0.0009649386079239458,0.00019063324915480597
Mordred_ETA_dEpsilon_C,0.0009647824186202886,0.00026309337651897425
Mordred_SsOH,0.0009638059785750941,0.00021354112452017968
Mordred_AATS2se,0.0009565125075277903,0.00017048872363404933
Mordred_ATS0i,0.0009453317048937343,0.00013317013805147425
Mordred_TopoPSA(NO),0.0009432105346142694,0.00021168205544019338
Mordred_Xc-3dv,0.0009414352864572095,0.00026476561870243377
Mordred_VR2_Dzm,0.0009382072057591145,0.00020708858487014208
Mordred_Sse,0.0009369878023344214,0.0002585026464801214
Mordred_PEOE_VSA11,0.0009325269506419015,0.0002834387884535484
Mordred_GATS2c,0.0009318643023800977,0.00022821429247077234
Mordred_ATS3d,0.0009282929206966412,0.00018978185349821414
Mordred_ATSC1are,0.000928073843630875,0.0003031402245841936
Mordred_MAXaasN,0.0009192314064944834,0.0001354936032398545
Mordred_Sare,0.0009151820034750957,0.0002541316420533187
Mordred_SpMAD_Dzi,0.0009134610173182345,0.0002602187974485696
Mordred_BCUTd-1h,0.0009048165955989618,0.00029743944563688247
Mordred_AATSC3p,0.0009032302913860035,0.0003060803692014414
Mordred_ATS2v,0.000903200713786953,0.00023489340369379764
Mordred_ATSC0c,0.0009025605796681158,0.00011804738162013671
Mordred_MDEC-22,0.0009015838696880968,0.0002289096743767343
Mordred_VE3_A,0.0008924864881578592,0.0002666034127727132
Mordred_MATS1se,0.0008910630408804215,0.00027163892923548797
Mordred_nAtom,0.0008897522597768326,0.00017531701089578078
Mordred_MWC08,0.0008889579243117895,0.0001641389205671511
Mordred_MATS7c,0.0008882337450680511,0.00019386501094513853
Mordred_VR2_Dzse,0.0008868439230279718,0.00021772676715717563
Mordred_MWC10,0.0008847814468449094,0.00027401004061102153
Mordred_GATS4i,0.0008825170036353414,0.000276234177912464
Mordred_ATS1p,0.0008809639614983378,0.00020555086470904315
Mordred_GATS2d,0.0008769732030804306,0.0001574129146589679
Mordred_ATS0d,0.0008736877935124898,0.0002658116058452066
Mordred_ZMIC1,0.0008689541236017728,0.0003769083053379104
Mordred_MATS1are,0.0008656497187017609,0.00022947883528925592
Mordred_Si,0.0008655769651908091,0.00018025863958833483
Mordred_AATSC5are,0.000863650382443279,0.0004647103433002036
Mordred_Xch-5d,0.0008617352929921884,0.000290556726872575
Mordred_ATSC7s,0.0008614240432756187,0.00018015329280239383
Mordred_ATS5m,0.000853136698421908,0.0001400711097789767
Mordred_AATSC0dv,0.0008485126830970469,0.00013293531928614886
Mordred_SMR_VSA1,0.0008484941997084633,0.00016158384081044866
Mordred_MAXsOH,0.0008476351110652397,0.00014942066479122678
Mordred_nHBAcc,0.0008470442808058559,0.0005777794241098763
Mordred_Xpc-6d,0.000843879105723519,0.00019593684845305802
Mordred_AATS6d,0.0008395497678248404,0.00033304231825683465
Mordred_AATS7se,0.0008377281520691171,0.0002089343818247542
Mordred_GATS1dv,0.0008332352134809984,0.00028069582616588686
Mordred_AATSC0i,0.0008301642878731919,0.00011913606774168813
Mordred_piPC5,0.0008269906790214221,0.00018297602803255697
Mordred_SpAD_Dt,0.0008258279166432209,0.00019088640474956844
Mordred_IC4,0.0008252526025879642,0.00013303400496887408
Mordred_VR1_Dzpe,0.0008249291548605153,0.00019084763416428736
Mordred_AATS5dv,0.0008243935151439202,0.0003411666215918899
Mordred_MATS4v,0.0008229691236264908,0.000272070289684754
Mordred_VSA_EState7,0.0008199492898936928,0.0001719393070763192
Mordred_SM1_DzZ,0.000816460021879184,0.00015831398956653035
Mordred_MATS1pe,0.0008116102612905907,0.00031128587209407335
Mordred_MWC07,0.000801337029713925,0.00021731318215898956
Mordred_SlogP_VSA3,0.0008012268295319314,0.00015485838545287482
Mordred_VR2_Dzare,0.0008006522638933644,0.00017030304657113997
Mordred_RotRatio,0.0007998893983984928,0.00041998312580721406
Mordred_Xp-7dv,0.0007948152206276177,0.0003515933863160225
Mordred_GATS4c,0.0007928617119813686,0.0003014176377130935
Mordred_AATSC4are,0.0007926246208075499,0.00028990374546196347
Mordred_C1SP2,0.00078863980278783,0.0002613588920857209
Mordred_VR1_D,0.0007874134972987723,0.0001571356463309023
Mordred_ATS7dv,0.0007872118153307295,0.000168580790182786
Mordred_nHetero,0.0007852239817261464,0.00019803114817184265
Mordred_AATS4are,0.0007848598651506999,0.00018497746779681028
Mordred_fMF,0.0007832485028467645,0.00017876787209308175
Mordred_AATSC6d,0.0007773583762644837,0.0002134053170921753
Mordred_NaasN,0.0007699070530893942,0.000315001221547628
Mordred_AATSC4c,0.0007697603493253963,0.00043928824733926574
Mordred_AATS6se,0.0007683768547429443,0.00019342497939576982
Mordred_AATS8p,0.0007671275279038103,0.0001994743354282857
Mordred_piPC6,0.0007654943972342371,0.00017905115605389418
Mordred_SlogP_VSA1,0.0007584310766208663,0.00022794130348869926
Mordred_SpDiam_Dt,0.0007571479782020052,0.00017334049843326872
Mordred_GATS6s,0.0007558810526541865,0.00014510911624175327
Mordred_Xp-3dv,0.0007531478715897683,0.00017819190674249642
Mordred_AATSC8d,0.0007489771816853869,0.00027487384148504215
Mordred_NsssCH,0.0007481779718090803,0.00017242131697696545
Mordred_AATSC4m,0.0007465893225363923,0.00021391751052743174
Mordred_MIC3,0.0007459678779176415,0.00013453809213065826
Mordred_SpMAD_Dzpe,0.0007450323361128941,0.00014191139902562332
Mordred_SpAbs_Dzv,0.0007448496770679908,0.00017147266989046313
Mordred_GATS8s,0.0007357308429112169,0.0002486055484434061
Mordred_LogEE_DzZ,0.0007353528647451452,0.00013548801406916365
Mordred_VR1_Dzv,0.000733570368361039,0.00017787967254265688
Mordred_SMR_VSA3,0.0007259503123407396,0.0001504307738788079
Mordred_AATSC4Z,0.0007229538322758994,0.00023073640797246684
Mordred_AATSC7s,0.0007211912734915171,0.00022365524458284702
Mordred_GATS1se,0.0007200589534041152,0.00016221479427708124
Mordred_MAXaasC,0.0007182623519087911,0.000183428044925509
Mordred_VE2_Dzse,0.0007182114284820101,0.0001628922564614105
Mordred_ATSC5c,0.0007180889307982496,0.00016308376490584869
Mordred_AATS7are,0.0007170331301794008,9.685001882920726e-05
Mordred_MIC5,0.0007128125246896877,0.0002699025153291296
Mordred_nBonds,0.0007099711407486803,0.00012960701281048808
Mordred_MATS7dv,0.0007087635385123747,0.00018709711115222385
Mordred_piPC9,0.0007087135757209706,0.00015833401982034588
Mordred_ATSC2d,0.0007086553636463239,0.0001975849572549421
Mordred_ECIndex,0.0007076643709772179,0.00011543350308739492
Mordred_BCUTc-1h,0.0007060641853311039,8.701054184136714e-05
Mordred_ETA_alpha,0.0007053619475832079,0.00011512299627724756
Mordred_AATSC1se,0.0007046162286559604,0.000515723822230952
Mordred_Xp-2d,0.0007029769165076971,0.00014431857434680774
Mordred_JGI4,0.0007005563284966099,0.00019176958345479427
Mordred_BIC4,0.0007003622146694588,0.00018894367181687991
Mordred_piPC3,0.0006977281367820248,8.765084906929408e-05
Mordred_VR1_Dzare,0.0006975597833496217,9.492214892655682e-05
Mordred_ETA_eta_FL,0.0006960135986823629,0.00010533952165093592
Mordred_GATS4se,0.0006948576452153188,0.00020350579073663392
Mordred_Spe,0.0006879623391168044,0.00014569456287312263
Mordred_MAXsssCH,0.0006774637082072321,0.00016525324764565021
Mordred_GATS1are,0.0006774390652414392,0.00018832551237142378
Mordred_AATS2m,0.0006769340516968869,0.000204382234962291
Mordred_AATSC0c,0.0006755024169871338,0.00019151643539919825
Mordred_AATS5are,0.0006739679471380183,0.00019122333219365845
Mordred_ATSC4se,0.0006736889041597111,0.0006321681243326386
Mordred_ATS0pe,0.0006715896488766471,0.00019256729710803497
Mordred_VSA_EState1,0.0006715830933780031,0.00012744351152001865
Mordred_SpDiam_Dzpe,0.000671216356582835,0.00012305246755906163
Mordred_C3SP2,0.0006682640696652475,0.0002353571484465919
Mordred_MATS8dv,0.0006660339316368058,0.00016514206429078633
Mordred_ATSC1Z,0.0006652826536104883,0.00024965463992274335
Mordred_MINaasN,0.0006649336132529549,0.00019257081387006147
Mordred_n6Ring,0.0006643908455825909,0.00018947093375568162
Mordred_JGI8,0.0006641212214698183,0.00013456376244179086
Mordred_AATSC4pe,0.0006636606977210441,0.00048758763885593245
Mordred_AATS6pe,0.000658071256686224,5.953971393837524e-05
Mordred_AETA_eta_FL,0.0006577879387193869,0.000119545575258295
Mordred_VE2_Dzp,0.0006567964544419852,0.00013494502575736358
Mordred_EState_VSA10,0.0006562280883472271,0.0002189199552444037
Mordred_MATS8p,0.000652288310180299,0.00017518725428001733
Mordred_SIC2,0.0006508177381531616,0.00010443365987290199
Mordred_BCUTi-1h,0.000650442484275704,0.0002528663854746528
Mordred_AATS7d,0.0006495232401629025,0.0001638973764970128
Mordred_AATS4pe,0.0006421085542498151,0.0001513612738500659
Mordred_nAromAtom,0.0006417052066798462,0.00022319399128235373
Mordred_MIC4,0.000641048905054134,0.000198792195683582
Mordred_Xp-7d,0.0006380978541608295,0.00012800439286192567
Mordred_MATS5c,0.0006331765993150967,0.00022768460873379162
Mordred_GATS1m,0.0006308253792794427,0.0002577233397710438
Mordred_ATS1i,0.0006271709482471299,0.0001687022909631178
Mordred_ATSC3d,0.0006238182918140295,0.00022149273353522066
Mordred_AATSC1m,0.0006182891205885471,0.00010055575709444364
Mordred_MATS7se,0.0006176337994624331,0.0001214342237983135
Mordred_VE1_Dzpe,0.0006144633924200782,7.65949037414703e-05
Mordred_Xp-2dv,0.0006143741368905692,0.00011135336066898893
Mordred_SpAbs_Dzi,0.000611668151541303,0.00015699057511547396
Mordred_GATS6dv,0.0006095070951748494,0.00010355440127999326
Mordred_AATSC2d,0.0006086599719349883,0.00024773097768287876
Mordred_Radius,0.0006085679231093155,0.00036667813377000495
Mordred_VR2_D,0.0006084278536705873,0.00012573766152257587
Mordred_AATSC3c,0.0006077329050093866,5.328611149356958e-05
Mordred_MATS2pe,0.0006066727903832475,0.00011085210498693023
Mordred_NaasC,0.000605839032569902,0.0003264018604610592
Mordred_SpDiam_DzZ,0.0006056206452324797,0.00010564008395928855
Mordred_GGI7,0.0006054934263733103,0.00012461144677569912
Mordred_VE2_Dzpe,0.0006027610530455751,0.00019813522433835489
Mordred_AATSC1Z,0.0005996669332024862,0.0001216188901081848
Mordred_GATS4pe,0.0005987781865335884,0.00018271257871001282
Mordred_n6AHRing,0.000595108974352318,0.00012140580303644446
Mordred_ATS4m,0.0005949365846857346,0.0001471399645515648
Mordred_BCUTp-1l,0.0005934923143729315,0.00016477010133693072
Mordred_AATS3se,0.0005909474149419364,0.00016785430979960553
Mordred_GATS8d,0.0005901275222288116,0.00027762061566954065
Mordred_AATSC2dv,0.0005896554941283022,8.966950868267103e-05
Mordred_Mi,0.000588707143497777,0.0001331558187045593
Mordred_BCUTv-1l,0.0005867880099213046,0.0001189258967684633
Mordred_AATSC5v,0.0005852003733869682,0.00012731121011677688
Mordred_MATS1dv,0.0005850744585544493,0.00021585773289891372
Mordred_GATS3c,0.0005827155390859262,0.00028254432121711977
Mordred_MATS4dv,0.0005826745211700846,7.928016052776861e-05
Mordred_MATS8c,0.0005822412015700357,0.00014301785000566525
Mordred_SRW09,0.0005808356111170754,0.00014201074591252134
Mordred_MWC09,0.0005807756367429279,0.00016648160520665417
Mordred_IC3,0.0005799930988581309,0.0001471026660314237
Mordred_AATSC5s,0.0005791459981769193,0.00028997563948919325
Mordred_ATS8s,0.000578599929820664,0.00012932755328039518
Mordred_VR2_Dzi,0.0005774415838536162,0.00011081033891144435
Mordred_Xpc-5d,0.0005764784076577462,0.00011291221719420143
Mordred_AATSC5pe,0.0005753934167367358,0.0003752716101697284
Mordred_SpMax_Dzv,0.0005733121835638094,0.00010365257918423564
Mordred_MINsssCH,0.000573246262444066,0.0001348235942141171
Mordred_Xp-5d,0.000572230846200325,0.00015006611336885147
Mordred_AATS3pe,0.0005721930261445851,0.00013708945095080482
Mordred_AATS7s,0.0005719035163197356,0.0001903533383287553
Mordred_MATS6c,0.0005704056138780972,0.00014893066688146045
Mordred_NdO,0.0005703921819932706,0.00013892045735100015
Mordred_ATSC2c,0.0005702308119786004,5.639684798813943e-05
Mordred_TIC2,0.0005695836445411689,6.0111626291020165e-05
Mordred_SpAbs_D,0.0005689299015146226,0.0001814555305297299
Mordred_SpMAD_Dzse,0.0005665691954531565,0.00018509307269039876
Mordred_ATSC0are,0.0005664663482164156,5.4096022230174466e-05
Mordred_SlogP_VSA8,0.0005657282829598653,0.00012965114015857433
Mordred_SRW07,0.0005651103474060559,0.00010414693658579618
Mordred_JGI7,0.0005649026670282303,0.00016272596207020896
Mordred_VE1_Dzp,0.0005631792595745116,0.00011407241257256522
Mordred_ETA_epsilon_1,0.0005611809887453995,9.557048372808731e-05
Mordred_VE1_Dzm,0.0005610700759243331,0.00019833255826749033
Mordred_SpDiam_Dzare,0.0005609582062559154,0.00017249384247573334
Mordred_VSA_EState4,0.0005605013274510434,0.00016925448755483548
Mordred_nAromBond,0.0005553491760837692,0.00026067061157825837
Mordred_Xch-6dv,0.0005549057736705942,9.752125256163002e-05
Mordred_piPC10,0.0005539222372953484,0.0001276036298118904
Mordred_PEOE_VSA9,0.0005533641526930672,0.0002472274277755715
Mordred_AATS0m,0.0005525282632499878,0.0001868328098316008
Mordred_RPCG,0.0005510054260025321,5.6008852831841276e-05
Mordred_AETA_beta_ns_d,0.0005470854359357069,0.0001319682069313298
Mordred_MATS4pe,0.0005445750822290901,0.00029062395058800805
Mordred_RNCG,0.000541431061360953,0.000123343274908708
Mordred_Kier2,0.0005402504926797502,0.00022847751417317974
Mordred_AATS5pe,0.0005397062155735877,0.00010270302183085686
Mordred_AATSC0p,0.0005391115202692393,0.00016145673903379185
Mordred_JGT10,0.0005385161913150777,0.0001624302636971262
Mordred_AATSC4dv,0.000536298992991166,9.792726962271246e-05
Mordred_GATS6pe,0.0005359068320343746,0.00014262091388765708
Mordred_BCUTs-1h,0.0005354982500561795,0.0001126415086207444
Mordred_SpAD_Dzi,0.0005340987246825329,9.620899512928102e-05
Mordred_GATS8Z,0.0005333065335341586,0.00014089645174159197
Mordred_SpMax_Dzpe,0.0005322399191315663,0.00010558569158336933
Mordred_AATSC4p,0.0005318341033209023,0.0002529087960439358
Mordred_EState_VSA6,0.0005317568514609655,0.00016211803364901461
Mordred_SMR_VSA7,0.0005297775371999186,0.00012678616366954142
Mordred_AATS6v,0.0005288476185304619,0.00010276952199398324
Mordred_AATSC8i,0.0005285517255740751,0.00016040082284924883
Mordred_MATS2d,0.0005271340387767443,0.00014082927869010369
Mordred_BCUTdv-1h,0.0005266298611701636,0.0001097102510549955
Mordred_SdssC,0.0005246065739741151,0.00010923590834936788
Mordred_nN,0.0005244308406698178,0.00018630439613285691
Mordred_MINaaaC,0.0005240931161210466,9.124520518785829e-05
Mordred_Xch-6d,0.000522469593156813,0.00010532202413093357
Mordred_AATSC2are,0.0005209877408814123,0.00012697218503614536
Mordred_DetourIndex,0.0005196172469713461,0.00012026047860489185
Mordred_ATSC7are,0.0005192486238813632,0.0001257283708088251
Mordred_SM1_Dzp,0.0005186720978534037,0.00012930136061312802
Mordred_GATS6d,0.0005181502238409269,0.00014642550096688635
Mordred_AATS6dv,0.0005168266920509701,0.00017319583519611668
Mordred_AATSC1pe,0.0005160657055506279,0.00021355086652880676
Mordred_BalabanJ,0.0005157183010150307,0.00019251322267926162
Mordred_AATSC5se,0.0005156668877325105,0.00019613327099041853
Mordred_AATS1d,0.0005112212158975421,0.00015712239752528427
Mordred_AATSC0d,0.0005103066678283225,0.00016335614444824132
Mordred_Mse,0.0005099104865821519,0.0001240219649694362
Mordred_AATSC7dv,0.0005088914839599251,0.00014171613304259111
Mordred_AETA_beta,0.0005082431958170069,0.00011369191367983148
Mordred_AATS0dv,0.0005063577359823435,0.00011669756309440247
Mordred_AATS1are,0.0005059247773765291,0.00012316855271141865
Mordred_MINaasC,0.0005052158924697819,0.00018131468230852944
Mordred_AATS7pe,0.0005047659292167495,7.339724016512576e-05
Mordred_VSA_EState6,0.0005043049560753826,4.864855523726045e-05
Mordred_SpAD_DzZ,0.0005033891331046453,9.58003440269397e-05
Mordred_ATS4pe,0.0005016906957274192,0.00013739293303619305
Mordred_ATS4se,0.0005016509590110435,0.00016685229177188255
Mordred_MATS4are,0.0004989496386525599,0.00023484644742568229
Mordred_VR1_Dzse,0.0004959468044732074,0.00021719851359080572
Mordred_AATS4Z,0.0004949302645932546,0.00020917277608724865
Mordred_ATSC0Z,0.0004947371869559736,0.0001590478364562176
Mordred_MATS6d,0.0004946230761502801,7.582064246082144e-05
Mordred_SpAD_Dzse,0.0004943489421047886,0.00013025484296456277
Mordred_AATS8d,0.0004924969377841371,0.0001896392948144259
Mordred_GATS6are,0.0004902323287793997,0.00022666485062702342
Mordred_GATS3m,0.0004883442634058821,0.00013778529000395447
Mordred_IC1,0.000487567042395623,0.0005545596470622552
Mordred_ATS4are,0.0004854816797415923,7.549389855325997e-05
Mordred_SaaCH,0.00048370317991112965,0.0001342678076769784
Mordred_MATS7pe,0.00048294664746113825,0.00021827794898886575
Mordred_AATSC6c,0.0004827319210734815,0.00022775631878569445
Mordred_MATS4c,0.00048246045829146433,0.0002368515806310878
Mordred_MAXdssC,0.0004822217022186215,0.00010328863401603744
Mordred_AATSC4d,0.00048210668428196046,6.454103057846469e-05
Mordred_AATS7p,0.0004809000824736315,9.824391935782168e-05
Mordred_SaaNH,0.0004807953950413668,0.00021476658138094856
Mordred_VE1_Dt,0.0004801292148762376,0.00018705886325238815
Mordred_ATSC6are,0.0004799731328908735,0.00011788307814999152
Mordred_ATSC0p,0.00047903589755717013,0.0001377018253156734
Mordred_GATS3d,0.0004776203061961082,0.00018843910313069966
Mordred_LogEE_Dzv,0.0004771984987983341,0.00011235955752404753
Mordred_ATS0are,0.0004769593409126721,0.00017410089664749259
Mordred_MATS8se,0.0004748834838925464,0.0001522228218347172
Mordred_Xp-0dv,0.00047219573476472987,0.00014193145151114247
Mordred_VR3_Dt,0.00046971745506614593,6.473956024463754e-05
Mordred_MATS8are,0.0004683681698372244,0.00024118569452307248
Mordred_ATS8m,0.00046801167722210213,0.00011458874283233938
Mordred_ATSC4p,0.00046570652272918955,0.00011784873436148288
Mordred_GATS1p,0.00046561950597667767,7.487310611909828e-05
Mordred_GATS8se,0.0004647340706909475,0.00010007015775735396
Mordred_AMID_O,0.00046463773849272916,0.00018443317195230893
Mordred_LogEE_D,0.00046355577586384977,9.945869149282515e-05
Mordred_Xc-6d,0.00046262037568579883,0.0002788065287010277
Mordred_AATSC0se,0.0004625724801926162,8.204581223490239e-05
Mordred_ATS4dv,0.00046233818031399254,5.4197721786971415e-05
Mordred_SpMAD_Dzp,0.0004602775768848405,0.00017943800424031646
Mordred_AATSC1are,0.00046023373149621516,0.00026466097032439636
Mordred_AATS8pe,0.00045881493689994834,0.00010845469184458321
Mordred_AATSC2se,0.00045744981831249976,0.00012786090067032284
Mordred_ETA_dPsi_A,0.00045589445090031544,6.873154734843661e-05
Mordred_AATS7m,0.00045585091192364147,9.41336874208986e-05
Mordred_ATSC0d,0.00045583254410584695,9.413466944319796e-05
Mordred_ATSC6p,0.0004554912384443499,0.00015994308877253764
Mordred_piPC4,0.0004550710373282252,0.00015062303712890969
Mordred_GATS5Z,0.00045282736414009594,0.00016262366975011594
Mordred_ATSC5se,0.0004505712130710299,0.00011530905534173626
Mordred_MATS2are,0.000450269244420487,0.00011606101416235607
Mordred_ATS3se,0.0004481795723645515,0.0001324154435494408
Mordred_AATS1se,0.00044661562961904877,0.0001330112946742989
Mordred_MATS8d,0.0004457482978562216,0.00021069727810552207
Mordred_MZ,0.00044549396108796435,7.014678036198716e-05
Mordred_ATSC0m,0.0004440658041411222,6.002155881771437e-05
Mordred_ATSC6c,0.000440556266459613,0.00010839609516086246
Mordred_AATS6Z,0.00043860889537319925,9.744319492847257e-05
Mordred_GATS2s,0.000436800463946424,9.430264821888504e-05
Mordred_ATSC4pe,0.0004334970057948695,0.0004048891016394532
Mordred_AATS1p,0.00043311443061247457,9.827996871283902e-05
Mordred_ATS0se,0.00043041116864228623,9.517350491567988e-05
Mordred_SpAD_D,0.0004291558939305412,7.44116019370809e-05
Mordred_AATS0d,0.00042855875413327915,0.00017365848407856031
Mordred_SpAD_Dzp,0.00042791467847888565,0.00012710718189169789
Mordred_SIC3,0.0004273478052182478,8.117794341475311e-05
Mordred_SpAbs_Dzp,0.0004269891920040819,0.00010202994441991872
Mordred_JGI6,0.0004269287421991008,0.00010067276967022649
Mordred_ETA_dBeta,0.00042642443998437696,9.788242919895205e-05
Mordred_nFARing,0.0004264007304319445,0.000157703031134542
Mordred_SMR_VSA6,0.0004241425543297095,0.00015573540612652192
Mordred_SpAD_A,0.0004239607889185426,0.00011852319839707645
Mordred_CIC5,0.00042364499642938425,0.00010480112406813569
Mordred_AATSC2c,0.00042355255191886543,9.145841761177794e-05
Mordred_MATS2dv,0.0004223436467606645,0.00011771275355118975
Mordred_AETA_alpha,0.0004201213166744183,9.638554341301696e-05
Mordred_ATSC4c,0.00041946322112279555,0.0001627733245085341
Mordred_AATS3Z,0.0004182193021116942,0.00016269242814122894
Mordred_SlogP_VSA6,0.0004180981948809781,8.654239721376367e-05
Mordred_MINssO,0.00041742842243641665,0.00011740467803163263
Mordred_ATS5s,0.000415678933270186,8.028258269625015e-05
Mordred_VR2_Dzv,0.00041427163597484995,0.00019562491192645745
Mordred_AMW,0.00041386051996228357,0.00011618533631935298
Mordred_ATS6dv,0.00041384833984310643,6.562390437273662e-05
Mordred_GATS3p,0.00041300476601535685,0.00010038592962724307
Mordred_AXp-7dv,0.00041217536129319055,9.201425833116292e-05
Mordred_ATSC1dv,0.0004118186048867323,8.5616955004736e-05
Mordred_ATSC7se,0.0004104821032379913,7.781877594223919e-05
Mordred_MATS2c,0.00040722286873381974,0.00010180854768947996
Mordred_AATS0Z,0.00040677294720845025,0.00013238253773411584
Mordred_AATSC1c,0.00040666095945865455,0.00011512316102674847
Mordred_CIC4,0.00040612962063846236,0.00020940218353414735
Mordred_MATS7s,0.00040601860122442546,0.00018815831930643395
Mordred_PEOE_VSA6,0.0004053934038774354,0.00013611070822954226
Mordred_GATS7s,0.0004037140361998759,0.0001482633289606906
Mordred_GGI10,0.0004031027196029907,9.466389363332023e-05
Mordred_ATSC4are,0.0004029562568471645,0.0005207808223735338
Mordred_MATS4i,0.00040178461250085784,0.00020906509270724182
Mordred_ATSC7c,0.00040130383159056593,4.9245316167852465e-05
Mordred_VR1_Dzp,0.00040088387516427904,9.183892298403685e-05
Mordred_ETA_beta_ns,0.00040028286352152,0.00011181403930801401
Mordred_AXp-5dv,0.0003992602379681437,0.00011892264156871117
Mordred_AATS1pe,0.0003988498762341336,0.0001405156578826429
Mordred_AATS8dv,0.0003981465358456615,0.00019133202971950505
Mordred_AATS1i,0.00039696889560995874,0.00020104193749703538
Mordred_BIC2,0.0003957088031119188,0.00010836410458604575
Mordred_ATS3m,0.0003951762252145802,7.359904592886459e-05
Mordred_ATSC1m,0.0003936224787374626,0.00012540758036877397
Mordred_AATS7v,0.0003913306829172597,0.00011509621184922199
Mordred_MATS5s,0.00039060835505665137,0.00013882121237447103
Mordred_MID_O,0.00039045370995551,0.0001110428431513791
Mordred_MATS3dv,0.00038989808565090267,9.73291029294857e-05
Mordred_ATSC1pe,0.00038940880400137323,0.0003402813009808329
Mordred_naRing,0.00038755544987999213,9.952092444034785e-05
Mordred_MAXaaNH,0.0003873636262011759,7.507622639092133e-05
Mordred_PEOE_VSA13,0.0003862521751591824,0.00010724046428643628
Mordred_VR3_Dzare,0.00038623181901881187,0.00012490814452557387
Mordred_MINaaCH,0.000385876275101657,0.00015072592236119856
Mordred_n5AHRing,0.0003852543729813279,0.00011257617293371248
Mordred_AATSC6are,0.000385249752296396,7.918202346674004e-05
Mordred_MATS2v,0.00038387105776982455,0.0002705923817825484
Mordred_MATS3c,0.0003835596654182538,0.00013612856686705347
Mordred_AATSC6pe,0.0003830021021332397,0.00012355183584858897
Mordred_LogEE_Dzp,0.00038195307889946073,0.00016824669051737837
Mordred_ETA_eta,0.00038179542781552334,4.0577900956981364e-05
Mordred_SpDiam_Dzi,0.0003809760890100544,0.00012676944505061682
Mordred_SpAbs_Dzpe,0.00038073759629669857,0.00010698603474627162
Mordred_n5Ring,0.00038044593595164267,5.052312058038456e-05
Mordred_Xc-5d,0.0003796740130973947,9.066336705366513e-05
Mordred_MAXaaCH,0.00037897125732706816,0.00012652250642836052
Mordred_ATS2p,0.0003772499571005894,7.084208493283759e-05
Mordred_ATS5dv,0.00037393992754254646,0.0001247472586651038
Mordred_MATS5Z,0.0003738121863219035,7.906190484287468e-05
Mordred_AATSC5d,0.00037344400388091004,9.435351434573608e-05
Mordred_AATS3m,0.0003732179767033106,6.937910430238516e-05
Mordred_AATS0are,0.0003707806739366021,9.478229471450906e-05
Mordred_ATSC8are,0.00036964393794246264,0.0001189980581479526
Mordred_AXp-4dv,0.0003692486724462818,0.00016978801988371372
Mordred_VR3_Dzi,0.0003689101609288675,5.668301591154958e-05
Mordred_PEOE_VSA5,0.00036787817851484383,6.48603016656014e-05
Mordred_ATSC6m,0.00036782713487001906,4.836815790788748e-05
Mordred_MATS6pe,0.0003675608132816116,7.157888562373061e-05
Mordred_AATS2Z,0.00036712637660832326,0.00015896766046756067
Mordred_AATSC7se,0.000366776138847863,8.262317144125479e-05
Mordred_SlogP_VSA2,0.0003655393904677534,0.00024142447533407726
Mordred_MATS2se,0.0003654154594152914,0.00011495675940553614
Mordred_SssCH2,0.0003647115248959498,0.00011061590256869622
Mordred_ATSC1s,0.0003643342211338413,0.00016212382873603503
Mordred_AATS0se,0.0003624047354497256,0.00010445664529226097
Mordred_AATS8i,0.00036231016570963115,5.8870466952703694e-05
Mordred_GATS8m,0.0003608352518699731,0.00018312905263187567
Mordred_AATSC5m,0.0003604794758339386,0.0001331248202299289
Mordred_AETA_eta_L,0.0003533737030936429,7.037295585989338e-05
Mordred_PEOE_VSA2,0.0003533266161797888,7.687925077298829e-05
Mordred_GATS5p,0.00035192258054883574,0.00012321491766829055
Mordred_ABC,0.00035109689831341884,0.00015165466921273425
Mordred_BertzCT,0.00035051629695453945,0.00013154332635512998
Mordred_AATSC7i,0.00035000045159259974,9.424768884483127e-05
Mordred_ATSC0s,0.00034930869262310427,7.308012522412893e-05
Mordred_PEOE_VSA10,0.00034910353316536247,8.639912450492892e-05
Mordred_ETA_dAlpha_B,0.0003482887768809645,9.3034018630648e-05
Mordred_AATS5p,0.00034663756347654007,9.44216817365192e-05
Mordred_AATSC4v,0.00034642022781387893,0.00012624336657343386
Mordred_VR3_Dzm,0.0003454237921717007,0.00014201784922864444
Mordred_SaasC,0.0003447978494854481,0.0001770422612634152
Mordred_ATS1dv,0.00034453790610755597,0.0001308347320221301
Mordred_AETA_dBeta,0.00034434500862383366,0.00011092546743516944
Mordred_SpDiam_Dzv,0.00034404638761334483,0.0001410377542227738
Mordred_ATSC8se,0.00034404477727899285,0.0001385916554095224
Mordred_GATS5v,0.00034279603073834874,7.73545569433184e-05
Mordred_MATS3Z,0.00034261781357611265,5.1463221007176154e-05
Mordred_SpAbs_DzZ,0.0003422676144978487,5.693639918692318e-05
Mordred_ATSC8d,0.00034221695646168004,0.0001913709781440165
Mordred_MATS5se,0.0003421060794300823,0.00012312622243138555
Mordred_MATS8i,0.00034200069314291315,0.00020422595398846103
Mordred_LogEE_Dzare,0.00034199364170936497,9.31171199668092e-05
Mordred_AATS7i,0.00034192227824508814,6.29480303231287e-05
Mordred_GATS2are,0.0003414326945107987,0.00012743411901452607
Mordred_ATSC4d,0.0003409300476765881,0.0001145723957739638
Mordred_MATS2m,0.0003390844312535918,9.62707956133637e-05
Mordred_AATSC8s,0.0003388243412077163,0.00013317731723112058
Mordred_MATS8s,0.00033849501555086037,0.0001421262777024797
Mordred_ATSC3p,0.0003382894010460352,0.0003031262497357834
Mordred_ATSC5pe,0.00033679560899632643,0.00014358432801832614
Mordred_MATS6i,0.0003365535536293818,0.00012806802275076073
Mordred_ATS4s,0.0003362944584609229,0.0001242955268199317
Mordred_MATS1Z,0.00033606671868069427,0.00014289117677461206
Mordred_PEOE_VSA8,0.0003360663155665411,0.00012082252794589134
Mordred_AATSC1s,0.0003360409309525192,0.0001248618981516007
Mordred_MATS3are,0.00033568480515452914,7.791919391996973e-05
Mordred_FilterItLogS,0.0003354289977847702,9.775516135695623e-05
Mordred_AATS8v,0.00033484311873439865,0.00018147612425681956
Mordred_ATS3dv,0.0003331719987053061,0.0001261637223957043
Mordred_ETA_epsilon_5,0.0003328308968028326,0.0002775144766476999
Mordred_Xp-5dv,0.0003317675720150015,8.612433824903068e-05
Mordred_AATS7dv,0.0003300166292247164,0.0001646997945574709
Mordred_BIC5,0.000329814041679824,0.00016724130905272088
Mordred_AATSC0pe,0.0003292592799026828,8.956322401857364e-05
Mordred_GATS7i,0.0003286229985508399,6.841548479997213e-05
Mordred_ETA_psi_1,0.00032841214967101184,0.0001464384321906108
Mordred_GATS2i,0.00032813910705660476,7.21234813954609e-05
Mordred_ATS2pe,0.00032801523219253004,8.641171509100354e-05
Mordred_AATSC7are,0.0003270702572024248,7.083300980051795e-05
Mordred_AMID_X,0.0003267706048069169,6.280112915450951e-05
Mordred_SM1_Dzv,0.00032594104982772154,8.900421813817486e-05
Mordred_ATSC4Z,0.0003255966767388846,0.0001333410829006255
Mordred_AXp-2dv,0.0003254156591167151,0.00014213999947277158
Mordred_SsF,0.00032478087106535547,8.02634837811599e-05
Mordred_ATS7m,0.00032302096284683723,5.3485484359546585e-05
Mordred_AATS0i,0.0003230155241241428,0.00018959048061678105
Mordred_SaaN,0.00032209273461226984,0.00012307026554322093
Mordred_GATS3v,0.0003214902975490902,8.813654447260459e-05
Mordred_GGI8,0.0003213675902806745,0.00011841772571756333
Mordred_GGI4,0.0003199770640561761,0.00010252430900298925
Mordred_AATS2dv,0.00031991208730609844,6.767550101664444e-05
Mordred_ATSC2p,0.00031984081875685577,0.00013033531992752537
Mordred_nHRing,0.00031960786333511126,0.00012042379247295645
Mordred_AATSC3dv,0.00031882696102018826,9.01641876667133e-05
Mordred_ATSC5i,0.00031854178660709054,0.00011339841262273313
Mordred_GATS3are,0.000317539593887875,8.485527390707531e-05
Mordred_AATS8are,0.00031752871327753174,0.00012240854643193096
Mordred_TIC1,0.000317189898264153,6.753010769688726e-05
Mordred_SpAD_Dzv,0.0003170139859654114,9.918528894711053e-05
Mordred_VSA_EState5,0.0003152364574739025,0.00012529545852324304
Mordred_n9FaRing,0.0003151410000545446,0.0001545692951168437
Mordred_MATS5dv,0.0003145953115314959,9.478595952845541e-05
Mordred_GATS7c,0.000314541349115946,0.00024830455647984384
Mordred_SM1_Dzse,0.00031331997404071554,0.0001000323219089348
Mordred_C2SP2,0.0003130608935879159,0.00012949203665397647
Mordred_ETA_eta_L,0.00031305621426325203,6.928049498674343e-05
Mordred_AXp-3dv,0.00031284525674535324,0.00011383359163154449
Mordred_ETA_shape_p,0.0003123916305303176,0.00014963720458396947
Mordred_AATSC8c,0.0003120292033602923,0.00015204505813239819
Mordred_SpDiam_D,0.0003115587276607268,0.0001517636255103101
Mordred_GATS8pe,0.00031155785850969786,9.865900928889907e-05
Mordred_AATSC7v,0.0003102491565552118,0.00019529112293374627
Mordred_Xpc-4d,0.00030828146017371216,9.103520713435849e-05
Mordred_ATSC4v,0.00030744123578661797,7.782773014083245e-05
Mordred_MINdO,0.0003069860762959925,0.0001504632826342899
Mordred_ATS3i,0.0003065984826861323,9.756424656550554e-05
Mordred_PEOE_VSA3,0.0003058695934507055,0.00013590162850209175
Mordred_GGI6,0.0003047866914033387,0.00010087527617952897
Mordred_ATSC8dv,0.00030452430913935347,6.395268390672142e-05
Mordred_n6aHRing,0.00030427659372148086,4.547075021813171e-05
Mordred_HybRatio,0.0003038962622585045,0.00011077127142047208
Mordred_AATS3are,0.000301532809819427,0.00012122331221475472
Mordred_VE3_D,0.0003014020389998373,8.211868148718849e-05
Mordred_MPC4,0.00030082984509255395,8.212001483575892e-05
Mordred_ATS2dv,0.00029642777762492467,0.00014257110581360267
Mordred_Mv,0.00029601871592201123,6.328199753210762e-05
Mordred_ATSC0dv,0.0002950305596828573,9.131271272641292e-05
Mordred_n9FaHRing,0.0002940460007126722,8.258923733527951e-05
Mordred_PEOE_VSA1,0.00029362250881848073,8.187386373873722e-05
Mordred_ATS2se,0.0002931691560892763,7.833436410006177e-05
Mordred_ATSC7m,0.00029310952382127775,0.00010965796135444963
Mordred_JGI1,0.00029261717548750843,0.00013583934886430643
Mordred_GATS6m,0.00029203947590672463,5.862582864963235e-05
Mordred_AATS3dv,0.00029170159198715906,0.00011660465695313982
Mordred_AATS2p,0.0002884606450275218,6.507017151123062e-05
Mordred_VE2_DzZ,0.0002884477031742244,9.6364399623601e-05
Mordred_SRW05,0.00028675167047317873,5.038216855037092e-05
Mordred_AATS0pe,0.00028618767382071475,5.85594075102336e-05
Mordred_AATS4m,0.0002859080201176173,8.377384631683862e-05
Mordred_ETA_epsilon_3,0.00028567529112374923,0.00012065619949351968
Mordred_AATS6s,0.00028534598574091186,4.333713919298454e-05
Mordred_Mare,0.00028464930339283656,0.00010255417256468957
Mordred_AATS2v,0.00028409172506208,0.0001523705513486827
Mordred_GATS1s,0.00028402077345467125,0.00029954169220454174
Mordred_MIC1,0.00028378737218417993,0.00018777339449420826
Mordred_ATSC6dv,0.00028360177454592184,0.00014611633777052627
Mordred_nRot,0.00028260910481273105,6.045483372578557e-05
Mordred_NssCH2,0.00028218903759164027,9.102441138572205e-05
Mordred_VE1_DzZ,0.00028202038261407325,5.621522240515417e-05
Mordred_VE2_A,0.0002807751835155331,7.840587456208447e-05
Mordred_ATSC8p,0.0002801312894372826,0.000160088775340509
Mordred_MATS4d,0.0002797501093436128,3.742101915318142e-05
Mordred_nFAHRing,0.00027973926033331153,7.344901413260602e-05
Mordred_MWC05,0.00027959817087984395,7.800996570687427e-05
Mordred_SpMax_Dzi,0.00027899201115726135,3.8844985740018524e-05
Mordred_ETA_shape_x,0.0002782593219810281,0.00037194137163246296
Mordred_AATSC7c,0.0002765640041388906,0.00012175363126164197
Mordred_MATS5d,0.000276385896017306,0.00011041915310822189
Mordred_GATS3pe,0.0002760449587030228,9.693567755752172e-05
Mordred_MATS7Z,0.000275665779981768,0.00010413268185040503
Mordred_nBondsA,0.0002748036493149808,9.304367276751757e-05
Mordred_ATSC3v,0.00027470483097788434,0.00010106868601300369
Mordred_SRW08,0.0002727790047405698,7.463401895320064e-05
Mordred_VSA_EState8,0.0002724592897453554,0.0001447545120773795
Mordred_ATSC6Z,0.0002720359455262028,5.2356625411048556e-05
Mordred_AATSC3se,0.0002715381914266818,7.654365758317231e-05
Mordred_AATSC7Z,0.0002706531785663241,0.000174110313827389
Mordred_nBase,0.00026937217587000295,9.102105962644867e-05
Mordred_AATSC3m,0.0002691287550303789,7.775489841165524e-05
Mordred_ATSC6v,0.0002678502555555212,0.00016749001843041484
Mordred_MWC03,0.00026783991359799475,0.00010332496642352407
Mordred_GGI9,0.00026782005326106417,9.856191876237337e-05
Mordred_MIC2,0.00026716039613271236,0.00013461092572486546
Mordred_n6HRing,0.00026595229234600837,0.00014072644263139473
Mordred_AATSC7m,0.0002654673316418582,0.00013734720857731296
Mordred_MATS4s,0.00026511368985543404,0.00017237802712487583
Mordred_AATS1dv,0.00026505373169026514,9.5122785469359e-05
Mordred_AATS4dv,0.00026482061807553414,6.131718480215055e-05
Mordred_AATSC5Z,0.0002645961345221909,0.0001692554582938229
Mordred_ATSC7d,0.0002638154923549907,6.484636896968434e-05
Mordred_nH,0.00026357251614456123,7.693028993988461e-05
Mordred_AATSC8p,0.0002633787630952483,0.00015489759560564047
Mordred_Xp-4d,0.00026227650345006515,9.114615816115758e-05
Mordred_MATS3pe,0.0002615514346441389,0.00012375448554508893
Mordred_MAXsssN,0.00026110363087750166,7.895599919695592e-05
Mordred_ATSC0i,0.00026067281281397237,8.573371721710395e-05
Mordred_MATS6are,0.00026031335319855187,4.992561989633493e-05
Mordred_ATS0s,0.00025857415882549195,9.762558251079583e-05
Mordred_ATSC3c,0.0002585488319167273,9.68913314773538e-05
Mordred_ATSC7dv,0.00025845766434770545,8.360130760563485e-05
Mordred_ATS7s,0.0002583715095828415,8.881010201118143e-05
Mordred_AATSC0are,0.00025793621029360225,6.968799194066742e-05
Mordred_ATS1m,0.0002556143203377159,8.783895398510654e-05
Mordred_AATS8se,0.00025543885439408,0.00010515985476836404
Mordred_SIC4,0.00025527041998435474,0.00016298082809076007
Mordred_ATS1d,0.00025517577303627026,0.00012593153390650697
Mordred_GATS2se,0.00025505959987509597,6.411662715645271e-05
Mordred_ATS0Z,0.0002549716473085467,0.00011865119248838565
Mordred_ATSC3pe,0.0002548683142743896,8.110171243608594e-05
Mordred_MATS5are,0.00025482550714074625,0.00012000564737997049
Mordred_SpMax_D,0.0002547357263549821,0.000119121345660422
Mordred_GATS2v,0.0002545038245886644,0.00020996490667921463
Mordred_AATSC3pe,0.0002539580981529149,5.37902350397907e-05
Mordred_SsssCH,0.0002525445405541088,7.199546674555654e-05
Mordred_MID,0.0002521749126634526,5.764646606456925e-05
Mordred_MATS2Z,0.00025204028061066863,0.00012504258213364967
Mordred_MATS8pe,0.00025185713812281296,0.00015207724870257728
Mordred_ATSC0pe,0.0002511079396801258,3.58131427179462e-05
Mordred_AATS2are,0.00025066082968080994,0.00012950423062600878
Mordred_n5HRing,0.00024963991717799616,7.232192913361158e-05
Mordred_EState_VSA4,0.0002495906990673258,6.8475460648718e-05
Mordred_MATS5pe,0.0002495546721128089,7.218043708350427e-05
Mordred_ZMIC2,0.00024908879425609987,0.00015526141707282226
Mordred_AXp-1dv,0.0002489673524039143,0.0001696607787212778
Mordred_SpMAD_Dzv,0.00024872095708905473,0.0001918168776001564
Mordred_JGI3,0.000248604947183359,9.315184698065223e-05
Mordred_VE3_DzZ,0.0002485180996643216,6.0452521742519255e-05
Mordred_ATSC2are,0.0002470318607889349,0.00010356105803579613
Mordred_VE3_Dzp,0.0002468205245489963,7.288700909543009e-05
Mordred_ABCGG,0.0002457849361677117,9.467277923919363e-05
Mordred_GATS7p,0.0002444207159963685,7.44877543715302e-05
Mordred_ATSC8pe,0.00024397536742233605,9.74685873708386e-05
Mordred_AATSC8m,0.00024349811169180335,7.716312458912407e-05
Mordred_AATSC4i,0.00024321947928368504,0.00012939219097690832
Mordred_ETA_beta_s,0.0002420504764895498,9.445830092452982e-05
Mordred_ATS1pe,0.00024085330689134488,0.00011388904476299165
Mordred_AATS5m,0.00024056340925088238,0.00017293078223141095
Mordred_TMWC10,0.00024050321764675087,9.857504082855545e-05
Mordred_GATS3se,0.00024046851051194584,8.127935636480503e-05
Mordred_SsssN,0.00024045558667687428,7.017515266672317e-05
Mordred_bpol,0.0002397957009359769,0.00013645711270031955
Mordred_CIC2,0.00023918941265352323,8.976435274110564e-05
Mordred_GATS7se,0.0002390953934181539,0.0002262181756726767
Mordred_ATS4i,0.00023897029758034039,5.27975573038481e-05
Mordred_GATS7Z,0.00023857392361562035,0.00014690230033894975
Mordred_MATS6m,0.0002380767631311037,0.00010629554296809603
Mordred_AATS2i,0.00023738203284484616,0.0002647950920095023
Mordred_MATS3v,0.0002360477547111578,0.00012580108437006295
Mordred_ATS2Z,0.0002354877717370002,6.501430075144004e-05
Mordred_AATSC2pe,0.00023533002852775542,8.412722277216159e-05
Mordred_MID_X,0.00023451069170019045,0.00011195274561702225
Mordred_VE3_Dzi,0.00023422921270040142,5.399988906106484e-05
Mordred_ATSC8s,0.00023396855639162828,0.00010582705805225127
Mordred_Xp-1dv,0.00023324426051073155,4.583060281935119e-05
Mordred_BCUTs-1l,0.0002330289707796196,6.475353775194974e-05
Mordred_GATS7d,0.0002328310478808271,4.5607121485383235e-05
Mordred_AATS7Z,0.00022982005780212977,0.0001224171537941145
Mordred_AATS4s,0.00022977773247899458,0.00011181278507969729
Mordred_AATSC8dv,0.00022938706424427413,0.000119787894131233
Mordred_MATS2p,0.0002293460173665024,0.00011319806653904987
Mordred_SpDiam_Dzp,0.00022916996626132224,0.000144316310018595
Mordred_SaaaC,0.00022802111048352003,4.6589900536676836e-05
Mordred_ATS6s,0.0002275314463865974,0.00011846772376403077
Mordred_GATS8are,0.00022748081293780253,7.265634322535416e-05
Mordred_ATSC7Z,0.00022722419708279262,0.00020868680519342105
Mordred_ATS4Z,0.00022714995010802985,6.533485215285531e-05
Mordred_ATS2s,0.00022712437284891362,7.586726878100641e-05
Mordred_VE1_Dzi,0.00022679402939505822,6.517737951953677e-05
Mordred_MWC04,0.00022671628816781086,5.399700065579569e-05
Mordred_Mm,0.0002266387691413213,8.684827246940197e-05
Mordred_VR2_Dt,0.00022645604567499145,9.313346538094537e-05
Mordred_AATSC3v,0.00022621456098097237,0.00011394807334257567
Mordred_GATS7are,0.0002257881990176125,6.396362629809058e-05
Mordred_ATSC4m,0.00022551797572585575,7.587467363264122e-05
Mordred_Lipinski,0.00022544544739522276,6.128559945664998e-05
Mordred_MATS4Z,0.0002252540845905232,0.00010311223792005251
Mordred_MDEN-23,0.00022439511063657158,0.0001410250794301571
Mordred_ATSC4dv,0.00022305294531520248,0.00010538970899625574
Mordred_Xc-4dv,0.0002228574597612082,0.00011743988063320019
Mordred_n5ARing,0.000222504141101601,0.00010552813159014423
Mordred_AATSC7p,0.0002219878561095373,0.000173304702956088
Mordred_AATS8s,0.00022162280522937394,7.79416095404985e-05
Mordred_GATS5m,0.00022153932241854302,0.00019405009586887604
Mordred_GATS8i,0.0002202240617595469,0.00015500562289889555
Mordred_SM1_Dzare,0.00021899027497705725,6.551091774875656e-05
Mordred_ATSC1d,0.00021818121194668028,8.787241429363739e-05
Mordred_AATSC5dv,0.0002174477330824237,7.580274857028214e-05
Mordred_MINsssN,0.00021737262069944363,5.6608174485405465e-05
Mordred_Mpe,0.00021701431808102134,0.00012609499531176797
Mordred_MDEC-34,0.00021666956177954222,0.000244586489732868
Mordred_AATS0p,0.000216559119025711,8.22781957795603e-05
Mordred_MATS6Z,0.00021518931983756373,8.781166104924707e-05
Mordred_SlogP_VSA5,0.00021511484749114906,0.00011459269803950996
Mordred_MATS1c,0.00021496329887918386,0.00010294029269210136
Mordred_AATSC6i,0.0002143482916885514,0.00010845772392582053
Mordred_AXp-0d,0.00021426445797648186,5.5699785955673715e-05
Mordred_fragCpx,0.00021367968162884499,6.499391116052688e-05
Mordred_AATSC7d,0.00021273923937108197,0.00018335766724276604
Mordred_GATS2pe,0.0002124053501611073,9.509558506904681e-05
Mordred_AETA_eta_BR,0.00021127892411394733,0.00010925175855893546
Mordred_MATS7are,0.00021111593787741245,0.0001459462867385661
Mordred_ETA_epsilon_2,0.0002102037705261628,9.372496020920909e-05
Mordred_MATS3se,0.00021015161075219058,5.9051613675123665e-05
Mordred_nARing,0.00021001027495448632,5.3456506973395554e-05
Mordred_nBondsS,0.00020993157401157092,5.304567371857931e-05
Mordred_SssO,0.00020872132391847042,7.628129244797154e-05
Mordred_SpMax_Dzare,0.00020799440280533377,9.193587972661255e-05
Mordred_AATS4p,0.00020796379578284785,9.112726059221705e-05
Mordred_AATS3s,0.000207894970721198,0.0001787287621638961
Mordred_AATS5d,0.00020788774613411665,0.00014618524700837923
Mordred_SZ,0.00020787873564986903,2.7574088980363463e-05
Mordred_GATS7v,0.00020628906046027407,0.00011418079918128085
Mordred_JGI10,0.00020525237933556595,5.8424154142597695e-05
Mordred_AATS4v,0.00020401777941823906,8.136108230132938e-05
Mordred_AETA_eta_B,0.00020400644260684664,5.88657425983496e-05
Mordred_GATS8dv,0.0002036209181098675,8.916616421763425e-05
Mordred_Xp-1d,0.00020361727922400819,5.787306205966189e-05
Mordred_ATSC7i,0.00020330888215557008,0.00013436551450612144
Mordred_ATS2m,0.00020289311914745145,0.00011083328946573982
Mordred_MPC2,0.0002016683009673087,5.2320057673378016e-05
Mordred_AATSC6p,0.00020159811087021307,0.0001010389864201499
Mordred_ZMIC4,0.0002013865980455276,0.00013216671558153096
Mordred_SMR_VSA9,0.00020024006276067596,5.309908493907633e-05
Mordred_EState_VSA8,0.0002001908351292464,0.00014025036123602123
Mordred_AATSC8are,0.00020001984667683548,0.00017173005100854408
Mordred_Kier1,0.0001996883724326992,9.771351803694745e-05
Mordred_VE3_Dzv,0.00019911126354858755,4.527343920858098e-05
Mordred_MATS1m,0.00019816133943782732,0.00011119427365304144
Mordred_MDEO-11,0.00019691330585140665,7.045522543775964e-05
Mordred_GATS8p,0.0001968540769330951,0.00010609500676969164
Mordred_ATSC6pe,0.0001956873711357887,0.0001254523408459739
Mordred_AATS5i,0.0001953439028010151,0.00017555065041629405
Mordred_NaaCH,0.00019378554679279347,0.00010624925746573185
Mordred_MAXaaaC,0.00019348686967225748,0.00021263712931314334
Mordred_ATSC4s,0.0001933064629335013,0.00012776722519139763
Mordred_SlogP_VSA11,0.0001927947309075806,0.00011967470924429838
Mordred_ATSC8i,0.00019263060234958607,0.00018660289540821165
Mordred_ATSC3m,0.00019251158865413176,8.342918005399124e-05
Mordred_ATSC2dv,0.00019248832399448856,0.00011244778182348028
Mordred_ETA_shape_y,0.00019219794478529673,0.00015945754863717625
Mordred_AATSC6se,0.00018997752976876447,5.758887649241247e-05
Mordred_SpAbs_A,0.00018892790343727484,7.338005176978856e-05
Mordred_ATSC3are,0.0001883105655732381,5.005766298475746e-05
Mordred_VE3_Dzm,0.00018826849378703048,9.500771786932072e-05
Mordred_GATS6Z,0.0001872768823613924,8.364123183875053e-05
Mordred_piPC2,0.00018683094863548855,8.520885064380058e-05
Mordred_AATSC7pe,0.00018667813597843252,0.00010394911914354544
Mordred_GATS5d,0.00018549029447546828,0.00011022788264507651
Mordred_AATSC2p,0.00018486970001944936,8.508042269534551e-05
Mordred_ATSC5m,0.0001843140075390992,0.00012099415983287732
Mordred_SpMax_Dzp,0.00018393448407540147,8.437058397586438e-05
Mordred_MWC06,0.00018293977303367182,9.10339453899642e-05
Mordred_GATS7pe,0.00018234371101556734,0.00012880492149656625
Mordred_GATS6i,0.00018134698901613178,9.362810021663324e-05
Mordred_NsssN,0.00018105505558961565,6.730010284002475e-05
Mordred_mZagreb2,0.0001806263854008533,4.253879877152654e-05
Mordred_AXp-0dv,0.00018036483632770384,9.371708256670153e-05
Mordred_MATS1s,0.00018034504594721668,0.00014314536041746276
Mordred_GATS2Z,0.00018031473502183593,5.3394232612894174e-05
Mordred_GATS3Z,0.0001801219432712442,0.0001215974053205951
Mordred_AATS8Z,0.00018002302122779867,8.062514651163268e-05
Mordred_AXp-6dv,0.00017909690440243153,9.484245676749713e-05
Mordred_NsOH,0.00017866842570132824,0.00010612678473631208
Mordred_GATS7dv,0.00017778882216454295,9.417659590749784e-05
Mordred_VE2_Dzi,0.00017668312002068476,9.431892372162694e-05
Mordred_AETA_eta_F,0.00017668197892697912,9.220536922604308e-05
Mordred_SdsCH,0.00017633978615591572,5.754400117542283e-05
Mordred_naHRing,0.00017607930360270807,7.287531331485245e-05
Mordred_AATSC6m,0.00017600515360156888,6.753738084875004e-05
Mordred_MINssNH,0.00017573201365793378,4.8600092761357815e-05
Mordred_AATS3i,0.0001754195418396387,0.00020139001315894257
Mordred_MAXssCH2,0.00017504109863523964,0.00016020506598964034
Mordred_MATS4m,0.00017431231401794645,7.56750482222123e-05
Mordred_ATSC5are,0.00017409364885764833,0.00012257152884395355
Mordred_LogEE_Dzse,0.0001723883434354423,0.0001162606362395693
Mordred_AATS3v,0.0001723700153277996,0.00012923900853454903
Mordred_ATSC2Z,0.0001722978387554558,6.629319115864573e-05
Mordred_NssO,0.0001720052477258982,4.6496417112396574e-05
Mordred_NdsCH,0.00017037798827612693,2.791486053849394e-05
Mordred_MINaaNH,0.00017019381162111658,8.999791251813224e-05
Mordred_AATSC8pe,0.00016951203693051087,0.0001232001573124736
Mordred_SM1_Dzi,0.00016896721935447112,0.00010685835487296155
Mordred_MATS5v,0.0001687563168422529,0.00014846676291328334
Mordred_VE2_D,0.0001686202962694755,8.899799592106392e-05
Mordred_AATSC8v,0.00016854056134843476,7.927305155760578e-05
Mordred_VR3_Dzse,0.00016674324391474649,0.0001121711725813928
Mordred_AATSC4s,0.00016645886617719374,6.38662332680659e-05
Mordred_piPC1,0.00016542625221631357,3.534856785563678e-05
Mordred_CIC3,0.00016536392094246288,7.678211263666663e-05
Mordred_AATSC8se,0.00016480219144711372,9.491742895811459e-05
Mordred_MATS7m,0.00016416892479582945,0.00010731454557070303
Mordred_MATS7p,0.00016396533272990121,0.00012379999652931107
Mordred_SIC5,0.00016384178949008232,0.00019883520269904919
Mordred_MATS4p,0.00016352279033125805,0.00035600928486215894
Mordred_n10FRing,0.00016310841050025393,5.895522201004742e-05
Mordred_AATS6i,0.00016258440121562356,0.00012199180952700675
Mordred_GATS2p,0.00016141942900943507,5.509540430349419e-05
Mordred_ATS2are,0.00016131049055974345,9.298713071456592e-05
Mordred_ATS0p,0.0001606224816701196,8.4543834801858e-05
Mordred_Zagreb1,0.00015908591072227862,4.873227461963585e-05
Mordred_ATSC7p,0.00015862634895498495,0.0001657977329372589
Mordred_ATS3Z,0.0001578592165425996,0.00010307223620209085
Mordred_GATS4v,0.00015694986973303904,6.097989243269962e-05
Mordred_ATS3pe,0.00015655992103753846,0.00011073799222653387
Mordred_AMID,0.000156202996334176,0.0001347466312843474
Mordred_MATS6p,0.0001557091416145573,7.976768084689205e-05
Mordred_Xp-0d,0.00015539830224910178,5.92017683083401e-05
Mordred_SpDiam_Dzm,0.0001528410110898798,0.00012384876664935562
Mordred_GATS6se,0.00015262261555336332,0.0001743335343828945
Mordred_GATS8c,0.00015193298502991226,5.6205937431306945e-05
Mordred_ETA_beta,0.0001518319479261454,6.943830369380847e-05
Mordred_ETA_dEpsilon_A,0.00015169220053497245,9.981650173085013e-05
Mordred_ATSC5v,0.0001513752101621607,6.690527861106549e-05
Mordred_AATS8m,0.00015101472853802644,0.0002500616245709395
Mordred_ATS2i,0.0001483487368296177,5.9017460241552945e-05
Mordred_GATS2m,0.00014779678364520987,8.760930070161281e-05
Mordred_FCSP3,0.0001458664504072199,0.00012053909280201219
Mordred_SRW10,0.00014574365766271968,0.00011150499041024882
Mordred_NaaNH,0.00014513784261031837,9.823879444394785e-05
Mordred_n10FaHRing,0.0001449726358241782,3.293774408202986e-05
Mordred_GATS3s,0.00014428949634602561,7.31512966098424e-05
Mordred_AATSC3s,0.0001433468514679126,3.442454400814336e-05
Mordred_IC2,0.00014242975634713717,0.0001354313971723703
Mordred_VE2_Dt,0.00014225002561407685,0.00010401631941750062
Mordred_ATSC2pe,0.00014087847294058653,4.4826001910566134e-05
Mordred_AATSC0v,0.00013905788971375899,7.080464446299701e-05
Mordred_ATSC0se,0.00013894762834593122,4.7467422063648474e-05
Mordred_GGI1,0.00013872179509445692,6.770988970527805e-05
Mordred_AATS6p,0.00013802959753669852,9.925609331907003e-05
Mordred_SpAbs_Dzse,0.00013792431811557315,6.121669840877045e-05
Mordred_n9FHRing,0.00013770075801874948,4.111791298552029e-05
Mordred_GATS4d,0.00013731609328906935,7.417976171700137e-05
Mordred_AATSC6Z,0.00013718003831252046,6.820551207949011e-05
Mordred_AETA_eta_RL,0.00013658208589288623,4.4209140951397055e-05
Mordred_BIC3,0.00013654086886899508,9.854658823232273e-05
Mordred_ATSC7pe,0.00013653201047798824,7.13049097849767e-05
Mordred_ATS3are,0.00013645392525261923,0.00010542858671104992
Mordred_SMR_VSA5,0.00013640509297030423,5.239885882605394e-05
Mordred_MATS5p,0.00013502125622742722,8.976309706168526e-05
Mordred_ATS8dv,0.00013427768726129163,7.549219494236558e-05
Mordred_MATS3m,0.00013399333915901923,6.15993826400951e-05
Mordred_ATSC3se,0.0001337531408635989,6.865572695946e-05
Mordred_GATS4p,0.0001336311762079323,7.046638742910983e-05
Mordred_MDEC-13,0.0001326293889864355,0.00010342622789318727
Mordred_GATS2dv,0.00013079567187844476,0.00011569081548467764
Mordred_GATS6v,0.00012834714011415727,9.773558311384154e-05
Mordred_SpAD_Dzpe,0.00012652758543134357,6.385493798854368e-05
Mordred_SM1_Dzpe,0.00012633973015969968,8.201281969747456e-05
Mordred_ATS0m,0.00012490659923247716,0.00012887739626976416
Mordred_C1SP3,0.00012442764872278023,4.786068200900341e-05
Mordred_SpDiam_Dzse,0.0001243915142098151,0.00010072363280667313
Mordred_VE1_D,0.00012392305577166307,3.863764454086787e-05
Mordred_MATS5i,0.00012210687270572396,6.245117350045934e-05
Mordred_nFaRing,0.00012019385109410252,2.9062650551069768e-05
Mordred_MDEC-24,0.00011968324063488245,0.00011363061889970465
Mordred_ATSC2i,0.0001172632300719123,7.814599138235271e-05
Mordred_VR1_Dzi,0.00011674135384477646,3.593109852656034e-05
Mordred_MAXssssC,0.00011495724235245641,7.016118624933854e-05
Mordred_ATSC6se,0.00011494984957395593,4.960662374633511e-05
Mordred_TopoShapeIndex,0.00011287530920624234,3.595078627523349e-05
Mordred_n6aRing,0.0001127816015938643,7.973486288838831e-05
Mordred_SsCH3,0.0001127702270062314,6.170119227629608e-05
Mordred_ETA_eta_R,0.00011188905604932187,0.00012674744650171388
Mordred_MINdsCH,0.00011066612301841028,4.44172776585671e-05
Mordred_nF,0.00011007326431393405,3.6738041117204916e-05
Mordred_LogEE_A,0.00010837334711456814,6.403234883284973e-05
Mordred_MATS7d,0.00010704036460727762,0.00010401083660950523
Mordred_Xc-4d,0.00010683249383533489,6.940298483917424e-05
Mordred_ATS8Z,0.00010628441485666107,0.00011386751899689993
Mordred_ATS1s,0.00010628061186102045,4.5427400352210474e-05
Mordred_AATSC0s,0.00010611707060620423,8.299060452491429e-05
Mordred_nFaHRing,0.00010523682174155835,5.324597248804248e-05
Mordred_AATSC2i,0.00010459534843115792,7.496375166237107e-05
Mordred_SpMax_Dzse,0.00010448743473047417,6.732657423373805e-05
Mordred_VE3_Dzse,0.00010373069973700078,6.868678482040662e-05
Mordred_ATS1are,0.00010342270081041549,6.419881464585427e-05
Mordred_SlogP_VSA4,0.00010254952083353641,9.90796936336056e-05
Mordred_MW,0.00010129499270745967,9.202790379342994e-05
Mordred_VE1_Dzare,0.0001012650782964003,4.8310707533987246e-05
Mordred_GATS4Z,0.0001002887315492279,8.17368031660753e-05
Mordred_MINaaO,9.827825012843905e-05,8.178667704540079e-05
Mordred_MAXsCH3,9.701221542728067e-05,0.00010551906991130793
Mordred_nS,9.611044591431583e-05,2.009372815117572e-05
Mordred_C2SP3,9.578673326011977e-05,0.00010509466888917999
Mordred_SpMAD_A,9.573039393950822e-05,4.323449543773955e-05
Mordred_VE3_Dt,9.52420362890366e-05,3.675155482099894e-05
Mordred_nG12FARing,9.484795599283558e-05,1.9843928188388423e-05
Mordred_MATS2i,9.404741428795105e-05,0.00010243539018420693
Mordred_ATSC2se,9.383668840065584e-05,0.00013215086929903612
Mordred_MAXdsCH,9.236864226716546e-05,3.517497294133644e-05
Mordred_MATS6v,9.20445312688617e-05,8.925881909760558e-05
Mordred_AATSC3are,9.076285048972843e-05,9.865109675813971e-05
Mordred_nO,9.000538433957816e-05,2.512910712170702e-05
Mordred_SpAD_Dzare,8.973490057442857e-05,5.830145620096543e-05
Mordred_Xc-6dv,8.811419017931699e-05,5.1548754473794904e-05
Mordred_Mp,8.774925323240534e-05,0.00011883336967841934
Mordred_n6ARing,8.721939300075643e-05,2.0744218513214274e-05
Mordred_AETA_eta,8.696081931319766e-05,5.994199114494371e-05
Mordred_ATSC5dv,8.493647415218353e-05,8.230360418323372e-05
Mordred_MATS5m,8.48221552273154e-05,0.00010635116709645352
Mordred_AATSC8Z,8.392025860812224e-05,0.00010014916103045173
Mordred_MAXsF,8.37178035604097e-05,5.670852747161726e-05
Mordred_ATSC3dv,8.341693874507061e-05,0.000134533188537488
Mordred_nHeavyAtom,8.256557406613463e-05,3.078571272339716e-05
Mordred_AATS3p,8.132111007663756e-05,6.203757907684282e-05
Mordred_LogEE_Dzm,8.125911774987948e-05,5.405748907370996e-05
Mordred_ZMIC5,8.103674573245456e-05,0.000127479694832632
Mordred_ATS0dv,8.073339020633896e-05,5.4334081368507234e-05
Mordred_ATSC2v,8.069813556876859e-05,5.0727887175207725e-05
Mordred_MINsF,8.049684783166533e-05,6.018590049927187e-05
Mordred_EState_VSA5,8.036391314149294e-05,0.00010538504748092225
Mordred_AATS1s,8.014286999642739e-05,5.501476271605209e-05
Mordred_SssS,7.985855875732029e-05,3.820196300239296e-05
Mordred_LogEE_Dzi,7.93307504124291e-05,5.352799140769405e-05
Mordred_Xc-3d,7.888113225960891e-05,0.0001291556792184084
Mordred_LabuteASA,7.86180839122963e-05,4.1769518255442175e-05
Mordred_VR3_Dzpe,7.724389602516146e-05,5.624273371398048e-05
Mordred_ETA_eta_BR,7.67148652177363e-05,7.463700187210301e-05
Mordred_nG12FRing,7.642857308193252e-05,3.779576307605801e-05
Mordred_SpAbs_Dzare,7.487256781604779e-05,2.215839874072359e-05
Mordred_ETA_eta_RL,7.416968932004442e-05,4.088962561395192e-05
Mordred_MINssS,7.414651090503765e-05,3.087174529131331e-05
Mordred_AATSC2v,7.343246565180706e-05,0.00011380992675466407
Mordred_VSA_EState9,7.170097375604201e-05,7.226007329051919e-05
Mordred_NssS,7.150653411981678e-05,3.671483392282511e-05
Mordred_AATS3d,7.126716314824477e-05,0.000146661564749732
Mordred_SMR_VSA4,7.002575945769252e-05,4.6808594927557945e-05
Mordred_n5aRing,6.985220183482188e-05,2.718075157768945e-05
Mordred_NaaN,6.925565722183669e-05,8.404036173216137e-05
Mordred_EState_VSA7,6.735183413622559e-05,8.126797040106821e-05
Mordred_n10FaRing,6.588450251794609e-05,2.9691679488081958e-05
Mordred_WPol,6.580424206609203e-05,5.0474427256891276e-05
Mordred_PetitjeanIndex,6.521431994938043e-05,4.316897178120127e-05
Mordred_MATS6dv,6.496370567507515e-05,7.416477304279897e-05
Mordred_mZagreb1,6.4807614837889e-05,9.582110363464613e-05
Mordred_n10FHRing,6.452144687227324e-05,6.301871600106882e-05
Mordred_nX,6.434452108081135e-05,6.597028016050892e-05
Mordred_ATSC6d,6.411859994458202e-05,9.155788974196368e-05
Mordred_MATS7i,6.334003453259407e-05,9.29439505008786e-05
Mordred_SssNH,6.325471182720699e-05,6.189980205801081e-05
Mordred_AATS4d,6.304604738786856e-05,9.414112790115778e-05
Mordred_ATSC5d,6.261927879738782e-05,6.743639679230128e-05
Mordred_AATS6m,6.257484559132886e-05,7.878046719244421e-05
Mordred_MDEO-22,6.24410102773032e-05,6.800468213433736e-05
Mordred_AATSC6dv,6.234313881034459e-05,8.441097080129387e-05
Mordred_NsF,6.168641357286175e-05,2.9579926440629828e-05
Mordred_SssssC,6.128743737798814e-05,3.8926490242932126e-05
Mordred_AETA_eta_R,6.124759604979324e-05,3.802497760836059e-05
Mordred_EState_VSA1,6.065062597138127e-05,5.685686954989588e-05
Mordred_JGI9,6.0616092438875446e-05,0.00010910681516389475
Mordred_VE1_Dzse,6.050516185859833e-05,4.846777803577134e-05
Mordred_AATSC3Z,6.046469605160143e-05,9.867506056844428e-05
Mordred_MAXssS,6.0357976343655695e-05,9.588116727895493e-05
Mordred_MATS6se,6.002665258583728e-05,0.00011173780837881519
Mordred_ETA_eta_B,5.963009934387142e-05,4.660580401302997e-05
Mordred_Sm,5.9469179266816163e-05,7.224503612133349e-05
Mordred_VR3_DzZ,5.927587100879039e-05,3.3840700599459396e-05
Mordred_PEOE_VSA12,5.921716181429837e-05,9.116844180771172e-05
Mordred_GATS3dv,5.892800432595602e-05,7.806037387947897e-05
Mordred_n10FAHRing,5.873695623223596e-05,2.8669713973813074e-05
Mordred_MATS7v,5.851207588548901e-05,0.00011487473339517833
Mordred_GGI2,5.803575423564411e-05,3.238887499241006e-05
Mordred_nRing,5.749462302236108e-05,2.2397106491875318e-05
Mordred_GATS8v,5.735945860392555e-05,9.796063608241275e-05
Mordred_AETA_beta_ns,5.526780014274146e-05,0.00010167545913667702
Mordred_EState_VSA3,5.486103539983911e-05,0.00011959003700793514
Mordred_ATSC5s,5.3436735849565764e-05,0.00010893451160056158
Mordred_C3SP3,5.268787619641668e-05,5.5012938095266575e-05
Mordred_VR1_DzZ,5.2473304800904064e-05,5.445919402538342e-05
Mordred_nBondsKS,5.241586660102715e-05,6.679531824448103e-05
Mordred_NssNH,5.149306023903566e-05,3.2497265934870795e-05
Mordred_ATSC8Z,5.145488259516995e-05,8.22141482131188e-05
Mordred_MATS8v,5.064230903092937e-05,5.905029672932463e-05
Mordred_SpAbs_Dzm,5.008511168080876e-05,7.737115291433273e-05
Mordred_MAXssNH,4.908830561889399e-05,3.5036942254350284e-05
Mordred_n5aHRing,4.874227690859767e-05,4.1586170717966766e-05
Mordred_ATSC3Z,4.731287438529408e-05,7.294424004352622e-05
Mordred_EState_VSA9,4.499977720143211e-05,4.826933077182103e-05
Mordred_nG12FHRing,4.476118817675623e-05,2.2490418599434666e-05
Mordred_Xp-4dv,4.4425137975631634e-05,0.00010552916765830523
Mordred_MAXsNH2,4.41552723337707e-05,3.2220795492841365e-05
Mordred_SpMax_DzZ,4.3310908674293325e-05,7.036184143623454e-05
Mordred_VE1_Dzv,4.256663106376457e-05,6.469807958006683e-05
Mordred_C4SP3,4.188335610180727e-05,0.00010416617836354302
Mordred_ATSC2m,4.1574204912186996e-05,5.537082961593607e-05
Mordred_NsNH2,4.072783330009988e-05,5.912867302824963e-06
Mordred_AATSC2Z,3.970377226367172e-05,3.3565273315231485e-05
Mordred_MWC02,3.786083432870402e-05,4.193105725724221e-05
Mordred_NssssC,3.773295799504306e-05,1.0583941999858148e-05
Mordred_ATSC4i,3.7642294459683256e-05,7.232466496890006e-05
Mordred_nG12FaRing,3.744966898422408e-05,2.7181612876138375e-05
Mordred_MWC01,3.612819189297012e-05,3.6350418514261274e-05
Mordred_SlogP_VSA10,3.5804861150678935e-05,2.228191969733906e-05
Mordred_ATSC3s,3.572883669572535e-05,0.00011434942373668535
Mordred_NsCH3,3.355148292118193e-05,3.179248774410358e-05
Mordred_nCl,3.292706090005093e-05,9.673117781248352e-06
Mordred_MATS8m,3.249958476407577e-05,9.953423651095538e-05
Mordred_AATSC6v,3.0215532165034364e-05,5.441322022842093e-05
Mordred_n10FARing,2.837801122775041e-05,2.6003096109440734e-05
Mordred_MINssssC,2.779047110826327e-05,3.6314350208543e-05
Mordred_MINsCH3,2.7011412814290092e-05,6.344431234762975e-05
Mordred_ATS1Z,2.6699145188185947e-05,6.097924236653899e-05
Mordred_SRW04,2.6561304540914654e-05,3.4010134643645545e-05
Mordred_SRW02,2.5279569205699515e-05,2.4529582109606894e-05
Mordred_LogEE_Dzpe,2.52611963056093e-05,2.9957117685172596e-05
Mordred_ETA_dAlpha_A,2.49437026418331e-05,1.3429341637307279e-05
Mordred_nBondsO,2.3881788569768414e-05,1.8898273467426944e-05
Mordred_AATSC5i,2.2363282973308918e-05,8.465838068737984e-05
Mordred_nG12Ring,2.2057945939221724e-05,6.655553224256149e-17
Mordred_MINtsC,2.1536906081073837e-05,2.5381131388507553e-05
Mordred_ETA_beta_ns_d,2.1528262670655884e-05,7.053652217471234e-05
Mordred_MAXaaO,2.1032770826989733e-05,4.50976943864062e-05
Mordred_VAdjMat,2.0510395453129937e-05,2.0548454458692443e-05
Mordred_TIC0,1.962895362375705e-05,0.0001097957680916071
Mordred_AATS0v,1.9415085822566125e-05,8.396467406057179e-05
Mordred_SsNH2,1.9058275383426748e-05,2.7833706206702637e-05
Mordred_MDEN-33,1.725819644889104e-05,2.9300748854400315e-05
Mordred_ATSC8m,1.683340665079025e-05,8.867829289987843e-05
Mordred_n11FRing,1.657402656390916e-05,1.1470474842186584e-05
Mordred_ATSC8v,1.653831592862698e-05,6.269305926917822e-05
Mordred_n11FARing,1.636046632771948e-05,8.11812353498511e-06
Mordred_MDEN-13,1.6172857094251536e-05,1.564728730598345e-05
Mordred_ATSC8c,1.557360111387185e-05,9.321437815993421e-05
Mordred_GATS7m,1.5263313499006004e-05,0.0001232470297879566
Mordred_AATSC2m,1.5066343091604817e-05,7.646729931441556e-05
Mordred_SddsN,1.3970825300246847e-05,3.711076071483294e-05
Mordred_SdCH2,1.3901545595620957e-05,1.2387999913154871e-06
Mordred_C2SP1,1.377626169080104e-05,2.2519347053351726e-06
Mordred_MDEC-12,1.3540586689772538e-05,7.597126313149716e-05
Mordred_C1SP1,1.288152777322027e-05,1.9510437876109345e-05
Mordred_SaaS,1.269650872347261e-05,1.7720150476706016e-05
Mordred_AATS2s,1.1926626442212984e-05,4.504923902492252e-05
Mordred_GGI3,1.1042942257191712e-05,4.824315636293065e-05
Mordred_SpMax_Dzm,1.0623505771342745e-05,6.212859117297395e-05
Mordred_MINdsN,1.061755857012514e-05,7.917411700000967e-06
Mordred_NaaO,1.0571197947714661e-05,1.3366150991297812e-05
Mordred_NdS,1.0329617581975037e-05,1.1787743529508092e-05
Mordred_SMR_VSA2,9.807940538605897e-06,3.304822782352097e-05
Mordred_AATS0s,9.530295734694327e-06,0.0001862694947359087
Mordred_NsBr,9.257406086773945e-06,1.0553877154539975e-05
Mordred_ATSC7v,9.254224138097178e-06,4.1126154568507664e-05
Mordred_MAXtN,8.47127754569077e-06,8.661181997539778e-06
Mordred_GhoseFilter,7.454024523886882e-06,3.477078553146265e-05
Mordred_ATSC1c,7.346353128018235e-06,8.235898633473611e-05
Mordred_MDEN-22,7.296903185904924e-06,1.9972739292029428e-05
Mordred_n8FHRing,7.185749709814893e-06,0.0
Mordred_n8FRing,6.697001262698232e-06,8.659965264699932e-06
Mordred_n11FHRing,6.451827380182795e-06,8.778173103269193e-06
Mordred_GATS6p,6.077099058338087e-06,8.223909870813526e-05
Mordred_StCH,5.559454352502269e-06,5.374844106186573e-17
Mordred_MPC3,5.456699078157379e-06,4.900194648907665e-05
Mordred_nBr,5.44590136980494e-06,2.2964465327466485e-06
Mordred_MAXddssS,5.277567559316965e-06,3.178980029508418e-05
Mordred_nG12FAHRing,5.2487181763788415e-06,1.1856185936691521e-05
Mordred_n9FAHRing,3.936565528425695e-06,2.42250777886736e-06
Mordred_SpAD_Dzm,3.875787523061058e-06,7.573293564179894e-05
Mordred_n9FARing,3.7386718645671113e-06,3.2630077141682735e-05
Mordred_Xch-4dv,3.4061267670248974e-06,1.1948049308248344e-05
Mordred_n7ARing,3.2765883538204976e-06,1.854830695926576e-06
Mordred_n6FRing,2.992534160431437e-06,5.374844106186573e-17
Mordred_MAXaaN,2.8978873057999843e-06,6.775743289789819e-05
Mordred_StN,2.8604525170172757e-06,2.939388619788282e-05
Mordred_NaaS,2.5837081425172936e-06,5.0580286272220136e-06
Mordred_SdsN,2.5810018387251166e-06,2.1725621947440485e-05
Mordred_MINtN,2.28677603957006e-06,5.3163718472481464e-06
Mordred_MAXdNH,2.0683837716473086e-06,9.614813431917819e-17
Mordred_SRW03,1.6443551845157778e-06,7.850462293418876e-17
Mordred_n3Ring,1.5042865702252772e-06,8.496951903797718e-07
Mordred_MINdS,1.3044806862205771e-06,3.4513314859943786e-06
Mordred_MINsBr,1.1367719550264832e-06,7.0931434429683405e-06
Mordred_Xch-3dv,1.0055609521997244e-06,5.674713053619588e-06
Mordred_MDEN-12,8.427480951284094e-07,3.987551841094584e-05
Mordred_n6FHRing,3.087903577558837e-07,7.343435057440258e-17
Mordred_MAXdsN,2.2479081997206496e-07,1.5030390948203503e-05
Mordred_n8FaRing,2.1852501545793768e-07,9.51413198280327e-17
Mordred_MAXddsN,1.8013291423757405e-07,1.1693631858900543e-16
Mordred_n3ARing,1.1848679981607546e-07,1.129394899243675e-06
Mordred_MAXtsC,9.644407657216636e-08,1.1894359689388043e-05
Mordred_NsI,-4.163336342344337e-17,5.374844106186573e-17
Mordred_NsssB,-5.551115123125783e-17,5.551115123125783e-17
Mordred_nG12HRing,-5.551115123125783e-17,7.850462293418876e-17
Mordred_ETA_dPsi_B,-5.551115123125783e-17,5.551115123125783e-17
Mordred_SsssB,-5.551115123125783e-17,7.850462293418876e-17
Mordred_SsI,-5.551115123125783e-17,5.551115123125783e-17
Mordred_n3AHRing,-6.938893903907228e-17,5.374844106186573e-17
Mordred_n12FHRing,-6.938893903907228e-17,5.374844106186573e-17
Mordred_n3HRing,-6.938893903907228e-17,5.374844106186573e-17
Mordred_MINsSH,-6.938893903907228e-17,5.374844106186573e-17
Mordred_nBridgehead,-6.938893903907228e-17,5.374844106186573e-17
Mordred_n7aRing,-6.938893903907228e-17,5.374844106186573e-17
Mordred_NsSH,-6.938893903907228e-17,5.374844106186573e-17
Mordred_nI,-6.938893903907228e-17,5.374844106186573e-17
Mordred_SssssSi,-6.938893903907228e-17,5.374844106186573e-17
Mordred_n7FHRing,-6.938893903907228e-17,5.374844106186573e-17
Mordred_n8Ring,-8.326672684688674e-17,7.343435057440258e-17
Mordred_NdsssP,-8.326672684688674e-17,9.205483015737869e-17
Mordred_MINssssB,-8.326672684688674e-17,7.343435057440258e-17
Mordred_n12FRing,-8.326672684688674e-17,4.8074067159589095e-17
Mordred_MINdCH2,-8.326672684688674e-17,4.8074067159589095e-17
Mordred_n8FAHRing,-8.326672684688674e-17,4.8074067159589095e-17
Mordred_n6FAHRing,-8.326672684688674e-17,4.8074067159589095e-17
Mordred_MINssssSi,-8.326672684688674e-17,4.8074067159589095e-17
Mordred_n7FAHRing,-9.71445146547012e-17,3.671717528720129e-17
Mordred_NssssB,-9.71445146547012e-17,3.671717528720129e-17
Mordred_n12FAHRing,-9.71445146547012e-17,6.655553224256149e-17
Mordred_nB,-9.71445146547012e-17,6.655553224256149e-17
Mordred_SssssN,-9.71445146547012e-17,8.666675708199898e-17
Mordred_n8AHRing,-9.71445146547012e-17,3.671717528720129e-17
Mordred_SsSH,-9.71445146547012e-17,6.655553224256149e-17
Mordred_MINdsssP,-9.71445146547012e-17,3.671717528720129e-17
Mordred_MAXtCH,-1.1102230246251565e-16,0.0
Mordred_MAXssssSi,-1.1102230246251565e-16,5.551115123125783e-17
Mordred_SssssB,-1.1102230246251565e-16,5.551115123125783e-17
Mordred_n12FARing,-1.1102230246251565e-16,5.551115123125783e-17
Mordred_n8ARing,-1.1102230246251565e-16,5.551115123125783e-17
Mordred_n8HRing,-1.1102230246251565e-16,5.551115123125783e-17
Mordred_NssssN,-1.1102230246251565e-16,9.614813431917819e-17
Mordred_NdNH,-1.1102230246251565e-16,5.551115123125783e-17
Mordred_NssssSi,-1.1102230246251565e-16,0.0
Mordred_MAXdsssP,-1.1102230246251565e-16,0.0
Mordred_MAXssssB,-1.1102230246251565e-16,5.551115123125783e-17
Mordred_n8FARing,-1.1102230246251565e-16,0.0
Mordred_MAXsSH,-1.249000902703301e-16,3.671717528720129e-17
Mordred_SdNH,-1.3877787807814457e-16,1.0749688212373146e-16
Mordred_n7FARing,-1.3877787807814457e-16,9.205483015737869e-17
Mordred_n7FRing,-1.3877787807814457e-16,7.343435057440258e-17
Mordred_n11FAHRing,-1.74199479008319e-08,4.130006656576619e-06
Mordred_MAXdCH2,-2.30772682158209e-07,1.2098374922832816e-16
Mordred_n6FARing,-3.166512329288995e-07,9.205483015737869e-17
Mordred_n7AHRing,-4.905442765601453e-07,6.891913532223188e-06
Mordred_n8FaHRing,-5.098988347385092e-07,1.2098374922832816e-16
Mordred_NtCH,-5.970568284219269e-07,7.850462293418876e-17
Mordred_ZMIC3,-6.399449794108891e-07,7.026281481433254e-05
Mordred_nG12AHRing,-8.337654312240428e-07,1.0749688212373146e-16
Mordred_MINddsN,-9.645656647155887e-07,4.002594146592029e-07
Mordred_NdsN,-1.1071926658418052e-06,3.362172127051342e-07
Mordred_ATSC5p,-1.2964903940426709e-06,5.97538734986975e-05
Mordred_NdCH2,-1.4231842853512644e-06,3.5843376258591297e-07
Mordred_nG12ARing,-1.653378552929352e-06,1.8464887832561086e-07
Mordred_MDEN-11,-1.9619472743509503e-06,5.876550066865448e-06
Mordred_StsC,-2.1803809082954206e-06,1.7714734768867525e-05
Mordred_SaaO,-2.665243323485278e-06,5.35041285865501e-05
Mordred_n7HRing,-3.246950076543631e-06,1.6576594981421917e-05
Mordred_MINsCl,-3.3367311327581195e-06,1.6948835621421715e-05
Mordred_MDEC-44,-3.397724845477512e-06,1.2751843711294291e-05
Mordred_MINsNH2,-3.59984831319049e-06,5.11609171599324e-05
Mordred_SdsssP,-3.6698326228712386e-06,9.205483015737869e-17
Mordred_NtN,-3.6944734010807556e-06,2.2348558204046978e-05
Mordred_nP,-3.7814484167009166e-06,4.411819787047155e-06
Mordred_nSpiro,-3.820046553471013e-06,1.8836938232711325e-06
Mordred_MATS8Z,-4.177562497154064e-06,0.00010032755936109735
Mordred_Xch-3d,-5.5497744894106305e-06,3.3416547467670227e-06
Mordred_VR3_D,-5.563098208510864e-06,5.242731056628213e-05
Mordred_Zagreb2,-6.684606617235467e-06,7.760128308606402e-05
Mordred_n4AHRing,-7.136209072333699e-06,9.081442931998703e-06
Mordred_nBondsT,-7.223079624738005e-06,4.563858675461266e-05
Mordred_n4Ring,-7.361789521070916e-06,8.176644141649695e-06
Mordred_NddsN,-7.428497719105809e-06,1.522952757145143e-05
Mordred_ETA_eta_F,-7.646115591217195e-06,0.00010449276535444036
Mordred_PEOE_VSA4,-8.2298636593231e-06,2.0446165930257626e-05
Mordred_AATS5v,-8.590527479729326e-06,0.00016914543422340668
Mordred_MAXaaS,-8.948242466000345e-06,7.641518117520628e-06
Mordred_n4HRing,-9.102609401845374e-06,1.5140484147232798e-05
Mordred_nG12FaHRing,-1.0129675781178626e-05,5.684869224396911e-06
Mordred_MAXsCl,-1.0435312250131612e-05,1.4297714232990246e-05
Mordred_ATSC5Z,-1.0864406736865728e-05,0.0001432820932801937
Mordred_NsCl,-1.1009334524664238e-05,7.595920623301999e-06
Mordred_MINdNH,-1.2807122716312902e-05,3.6031919553964434e-06
Mordred_SlogP_VSA7,-1.3947777993697508e-05,4.99824414954429e-06
Mordred_SRW06,-1.4269698071292525e-05,3.695279665878321e-05
Mordred_SsBr,-1.4418236950058949e-05,8.03823897566425e-06
Mordred_SddssS,-1.5235329792764873e-05,2.6138195471258808e-05
Mordred_nAcid,-1.566629078851578e-05,1.4614333315156349e-05
Mordred_VE3_Dzare,-1.5758574181262697e-05,5.7845211374159034e-05
Mordred_VE3_Dzpe,-1.656171745312296e-05,4.7755175996204656e-05
Mordred_NddssS,-1.680026161210435e-05,6.087873247249628e-06
Mordred_n7Ring,-1.698409710963744e-05,3.3888532332349495e-06
Mordred_NtsC,-1.74218261515674e-05,3.4544519680764506e-05
Mordred_ATS2d,-1.7696249689821975e-05,8.540894767440055e-05
Mordred_GATS1v,-1.8058353683958472e-05,0.00012388576819270813
Mordred_MINaaS,-1.81281510660547e-05,1.9446978582092302e-05
Mordred_MATS3s,-1.8160932006905384e-05,0.00010697450043963522
Mordred_ETA_dEpsilon_B,-1.8506553902175593e-05,0.0001180533642961807
Mordred_VR1_Dt,-1.8755153278302017e-05,6.201648103219133e-05
Mordred_MAXsBr,-2.1466753673246575e-05,6.869774483340803e-06
Mordred_MINaaN,-2.437822955074498e-05,2.597609841117352e-05
Mordred_MINtCH,-2.4654056196962704e-05,7.72682523912663e-17
Mordred_n4ARing,-2.5659382569390154e-05,6.586768350830373e-05
Mordred_MAXdS,-2.613209403308503e-05,8.716598077314045e-06
Mordred_MDEC-14,-2.7502535798903938e-05,3.139925036362536e-05
Mordred_AATS1v,-2.7555444736912516e-05,6.569459605637206e-05
Mordred_Xp-3d,-2.8308222701806107e-05,3.949333336449808e-05
Mordred_SsCl,-2.9043560501915144e-05,1.7863205288519038e-05
Mordred_MDEC-11,-3.0237461562873658e-05,8.521882281589965e-05
Mordred_SdS,-3.3109686668239546e-05,2.8541483588260975e-05
Mordred_VE2_Dzare,-3.311111826682922e-05,7.212640854298504e-05
Mordred_VR3_Dzv,-3.5542266662441646e-05,4.09191472970072e-05
Mordred_GATS5i,-4.011769944596566e-05,7.774696567245759e-05
Mordred_ATSC6i,-4.2515444788740475e-05,0.00010315918843071222
Mordred_Xch-4d,-4.67368344990865e-05,1.9756368623707614e-05
Mordred_NaaaC,-5.182447304571958e-05,3.4743266856047306e-05
Mordred_MINddssS,-5.26937198722377e-05,4.813615344738933e-05
Mordred_AATSC5p,-5.5753845821279735e-05,7.799291718643952e-05
Mordred_WPath,-7.132718327024223e-05,7.216522971807732e-05
Mordred_MAXssO,-7.322198115027045e-05,0.00017788455526079625
Mordred_AATS5Z,-7.780105435514773e-05,0.00012774147846076014
Mordred_ATS3s,-0.00010483956171987441,0.00010387657344820837
Mordred_GATS4m,-0.00013201163194405396,0.00010705266079212905
