Feature,MeanAbsSHAP
Mordred_ATS7d,0.025884000055552237
Mordred_ATS5p,0.025217322550557166
Mordred_ATS7pe,0.02107728432648276
Mordred_ATS6v,0.020756816456754312
Mordred_ATS7v,0.020453146603881547
Mordred_ATS7p,0.020352359577427027
Mordred_ATS6d,0.01942136271733055
Mordred_ATS6p,0.018164847152738937
Mordred_ATS8i,0.01791685350709227
Mordred_MDEC-23,0.017110814307210603
Mordred_ATS8pe,0.016041239039770016
Mordred_ATS7se,0.01517413957227023
Mordred_ATS8are,0.01495921362263727
Mordred_ATS7are,0.01383528252864335
Mordred_ATS8p,0.013772923129506242
Mordred_ATS4p,0.013387845445229137
Mordred_GATS5s,0.012434557358385457
Mordred_CIC0,0.011970585057174226
Mordred_VR2_A,0.011956551766022078
Mordred_ATS5v,0.011517482879757079
Mordred_BCUTm-1l,0.011250053653483019
Mordred_MATS1v,0.010770270592673018
Mordred_TIC4,0.010472461289375786
Mordred_ATS6are,0.01041700603560381
Mordred_ATSC1v,0.010389704886895031
Mordred_ATS4v,0.010338993958732442
Mordred_MID_C,0.01030984065255861
Mordred_ATS8se,0.009726601553082763
Mordred_AATSC1v,0.009620094240016447
Mordred_ATS4d,0.009510127302659932
Mordred_IC1,0.009469964676099627
Mordred_MATS6s,0.00934182128733155
Mordred_nC,0.009314214719925157
Mordred_ATS7i,0.009197754074005969
Mordred_ATS0v,0.008781740524456308
Mordred_SLogP,0.008711353603120505
Mordred_VR1_A,0.008688379496402023
Mordred_ATS5d,0.008559968981956503
Mordred_AXp-7d,0.008471030754480607
Mordred_Kier3,0.008469017883477106
Mordred_BCUTpe-1l,0.008425470046321576
Mordred_CIC1,0.008245951205895123
Mordred_BCUTZ-1l,0.008218109675553139
Mordred_AXp-6d,0.007915979239176803
Mordred_ETA_dEpsilon_D,0.007844872489129497
Mordred_SpDiam_A,0.0076700967691458845
Mordred_ATS8v,0.007626846889799188
Mordred_ATS3v,0.007512401854574284
Mordred_BCUTse-1l,0.007286295209498161
Mordred_AXp-5d,0.007251973182839682
Mordred_AMID_C,0.0072339719898942825
Mordred_ATSC1p,0.006901944164896755
Mordred_VSA_EState2,0.006900210267545439
Mordred_ATS6pe,0.006884263022393117
Mordred_Vabc,0.006777452843962973
Mordred_AATSC6s,0.006774739176663642
Mordred_GATS4s,0.006772124643320115
Mordred_SdO,0.006755671264984368
Mordred_AATSC1d,0.0066148461726004675
Mordred_AMID_h,0.006455948828807211
Mordred_AXp-2d,0.006442715683952333
Mordred_GATS1i,0.006384425475042328
Mordred_VE2_Dzv,0.006302646976495141
Mordred_ATSC6s,0.006264977599082953
Mordred_TIC5,0.006240300451251326
Mordred_ATS5pe,0.006072153973982667
Mordred_MID_h,0.006020161855322083
Mordred_ATS5se,0.006003791462512484
Mordred_MATS2s,0.005966879837189198
Mordred_SpMax_A,0.005905432088744357
Mordred_nHBDon,0.005800272721213657
Mordred_BCUTare-1l,0.0057348046438333595
Mordred_IC5,0.005696341205820897
Mordred_BIC1,0.005666025798755452
Mordred_ATS1v,0.005649714733153122
Mordred_MATS3i,0.005597584778452035
Mordred_ZMIC0,0.005540285897666313
Mordred_VMcGowan,0.005516030915782237
Mordred_Sp,0.005433599977649111
Mordred_AXp-4d,0.005431188878423181
Mordred_BCUTZ-1h,0.005342463746950653
Mordred_ATS6i,0.005295670015503522
Mordred_Xpc-6dv,0.0052801636107825
Mordred_AATS4se,0.005243234097504457
Mordred_SMR,0.005224467497401188
Mordred_GATS5are,0.005168343164582032
Mordred_MATS1p,0.005151369699440793
Mordred_MPC8,0.005129074584501921
Mordred_SIC1,0.00507801178562691
Mordred_MPC9,0.005034863094501406
Mordred_ATS5i,0.004957456535919946
Mordred_ATS3p,0.004914447824528052
Mordred_VR2_Dzp,0.004852688370260062
Mordred_AATSC2s,0.004824013866341906
Mordred_VR2_Dzpe,0.004803573579670709
Mordred_nAHRing,0.004721057054886415
Mordred_ATS6m,0.004704231097711271
Mordred_AATSC1i,0.004680719947217972
Mordred_BIC0,0.004669522826080476
Mordred_GATS5pe,0.004587040652443954
Mordred_ATS8d,0.004495194476676262
Mordred_ATSC2s,0.004471746843173203
Mordred_IC0,0.004425423226101194
Mordred_GATS3i,0.004396970872223369
Mordred_MPC10,0.004358218466601274
Mordred_Xpc-5dv,0.004279138853103512
Mordred_AATSC1p,0.004218723406853539
Mordred_NdssC,0.004194969472011371
Mordred_TIC3,0.004176963076354498
Mordred_ATS6se,0.004171194784643908
Mordred_ATS6Z,0.004148549738599042
Mordred_nHBAcc,0.004144985465582707
Mordred_VE1_A,0.004134522191321436
Mordred_VE2_Dzm,0.0041224511975648335
Mordred_SIC0,0.004099902738705589
Mordred_ZMIC1,0.00408510336590097
Mordred_MATS3d,0.004081955899014329
Mordred_VR3_A,0.004054143849925138
Mordred_ATS1p,0.004044911926072287
Mordred_ATS3d,0.004028047301606098
Mordred_VE2_Dzse,0.004022252312701652
Mordred_JGI5,0.00398523929664815
Mordred_ATSC3i,0.003927383542347129
Mordred_nBondsD,0.0038978944747641584
Mordred_VR2_DzZ,0.003879739078268872
Mordred_Xch-7d,0.003846705473391964
Mordred_VR1_Dzm,0.003831175464122492
Mordred_AATSC3i,0.003767496410711522
Mordred_MATS3p,0.0037482451574002997
Mordred_MPC7,0.003714646967981999
Mordred_ATS2v,0.003701044420764226
Mordred_Xpc-4dv,0.0036958772792572356
Mordred_MPC6,0.003694065731710879
Mordred_ATS0d,0.0036540879586206138
Mordred_Sv,0.0036524792940542355
Mordred_MID_N,0.0036385549158420433
Mordred_ATSC1i,0.0036360694418640454
Mordred_TopoPSA,0.0036269734277217256
Mordred_apol,0.0035540136789169578
Mordred_TMPC10,0.0035150451185341595
Mordred_AMID_N,0.0035052211049135893
Mordred_ATS1se,0.003499660880334739
Mordred_ATS5are,0.003468686144854147
Mordred_SpMax_Dt,0.00345003142358203
Mordred_ATSC0v,0.003356952370252465
Mordred_SaasN,0.0033521566394641928
Mordred_VR3_Dzp,0.003345078192418335
Mordred_BCUTc-1l,0.003307280324486913
Mordred_Xch-5dv,0.0032724554388857724
Mordred_VR2_Dzse,0.003246561498401815
Mordred_PEOE_VSA11,0.003236252909472211
Mordred_BCUTdv-1l,0.0032247418713773485
Mordred_IC4,0.0032198031542575883
Mordred_Sare,0.0032052857434338583
Mordred_AATSC1se,0.003193923885024763
Mordred_AETA_beta_s,0.0031933732098274863
Mordred_VE3_A,0.0030929845049080104
Mordred_nFHRing,0.003092896457892984
Mordred_GATS2c,0.0030926418327434963
Mordred_MATS1pe,0.0030897468917889816
Mordred_AATSC0m,0.00304244724316
Mordred_VSA_EState3,0.003035172186668363
Mordred_SsOH,0.003034014401162763
Mordred_C1SP2,0.003017734900748988
Mordred_GATS5se,0.002997244727535484
Mordred_AATS7se,0.0029934336749579235
Mordred_nFRing,0.0029754501345142545
Mordred_MATS1i,0.0029378413394754097
Mordred_VR2_Dzm,0.0029099488113387044
Mordred_AATS4i,0.002902790148961795
Mordred_ATSC1se,0.002897770681831174
Mordred_BCUTi-1l,0.0028967975232827145
Mordred_AATS2i,0.002861478609182198
Mordred_AATSC0dv,0.002854690126002558
Mordred_VR1_Dzpe,0.0028519470504503163
Mordred_ETA_epsilon_4,0.0028324578960871568
Mordred_ATS0are,0.002824529909626555
Mordred_AATSC0Z,0.0028162765861636367
Mordred_AATSC3d,0.002812845217672241
Mordred_nBondsM,0.0027939029338483142
Mordred_MATS1d,0.002770615480764697
Mordred_ATS7Z,0.002735310671912403
Mordred_ATSC1are,0.0027256685182665127
Mordred_GATS3c,0.0027205491684097896
Mordred_AXp-3d,0.0027165557247112973
Mordred_SpMAD_DzZ,0.002710888009936658
Mordred_MINdssC,0.002703501655805102
Mordred_AATS1m,0.002700298863867706
Mordred_C3SP2,0.002678550177108264
Mordred_PEOE_VSA7,0.002661121346993404
Mordred_GATS4dv,0.0026261365520795603
Mordred_AATSC1are,0.002595400012889106
Mordred_ATSC1pe,0.002587178313342103
Mordred_VR2_D,0.0025506959123652666
Mordred_ATSC3p,0.00253029944761028
Mordred_AATSC5are,0.00250865528452365
Mordred_MDEC-22,0.0025004684303462127
Mordred_GATS4are,0.002477551302715364
Mordred_Xch-7dv,0.002459291266819065
Mordred_nAtom,0.002457786138947331
Mordred_GATS6c,0.0024344168688376125
Mordred_AATSC4se,0.002419716334842205
Mordred_MINssCH2,0.002412317066532762
Mordred_AATSC1pe,0.0023966772856903696
Mordred_Xp-6d,0.0023713228774042464
Mordred_GATS1pe,0.00235904518201629
Mordred_nN,0.002353350639780246
Mordred_AATS1Z,0.002348207543954098
Mordred_ATS0pe,0.002310251609582198
Mordred_ETA_dEpsilon_C,0.002308587207816101
Mordred_n9FRing,0.002306561137058464
Mordred_ATSC4se,0.0022759144509421065
Mordred_GATS1d,0.00224752016342574
Mordred_VR1_Dzv,0.002231129915682826
Mordred_JGI2,0.0022174362149340408
Mordred_BCUTm-1h,0.0022172995868428493
Mordred_AATSC4pe,0.002212298209361384
Mordred_AATS5se,0.002207836550616264
Mordred_Sse,0.0021996861182981948
Mordred_MATS1se,0.002168218508098436
Mordred_SpMAD_Dzv,0.002161854934435067
Mordred_ATS5Z,0.0021606617174060603
Mordred_ETA_epsilon_5,0.0021441598735832167
Mordred_GATS5c,0.002136408410936967
Mordred_LogEE_Dt,0.0021208613574673725
Mordred_Xch-5d,0.0021142472070731413
Mordred_AXp-1d,0.0021140468018534114
Mordred_MIC1,0.0021077982271863727
Mordred_VR1_D,0.002105419354631543
Mordred_AATSC1dv,0.0021019889121904178
Mordred_MAXdO,0.002092707572214339
Mordred_GATS4i,0.002066230499758879
Mordred_MIC0,0.002059056227534626
Mordred_SlogP_VSA1,0.0020584759449763495
Mordred_Xc-3dv,0.0020528339878267215
Mordred_VE2_Dzpe,0.002039662362291793
Mordred_AATSC3p,0.002025611068718191
Mordred_Xpc-6d,0.0019932469993065444
Mordred_BCUTv-1h,0.0019822091876516928
Mordred_MDEC-33,0.001979278320031291
Mordred_MPC5,0.001971608465211361
Mordred_AATS7are,0.0019516624775451125
Mordred_SpMAD_Dt,0.0019414327290085444
Mordred_GATS4c,0.001941349520413652
Mordred_AATSC5pe,0.0019390444849364105
Mordred_MATS4se,0.001936492625868574
Mordred_Si,0.0019244066586405898
Mordred_Diameter,0.0019220749296629512
Mordred_NaasC,0.0019212818216451737
Mordred_VR1_Dzp,0.0019094525175750868
Mordred_MIC5,0.0019050143917026712
Mordred_SIC2,0.0019031687512443194
Mordred_VR2_Dzare,0.0018989368430873275
Mordred_MATS1are,0.0018974591180613508
Mordred_ATSC1m,0.0018878682359523198
Mordred_MIC4,0.001886443547745729
Mordred_VE2_Dzp,0.0018822281290442205
Mordred_BCUTare-1h,0.0018703112586444823
Mordred_Xp-6dv,0.001854309727732452
Mordred_AATS2d,0.0018413983059988078
Mordred_nBondsKD,0.0018404368235203743
Mordred_SpMAD_Dzm,0.0018305504450850207
Mordred_nBonds,0.0018231173302466653
Mordred_RotRatio,0.001816075541696821
Mordred_GATS1Z,0.0018039308563575051
Mordred_SpMAD_Dzare,0.0018031872584370822
Mordred_SMR_VSA3,0.0018023968184094751
Mordred_Spe,0.0017986388848748598
Mordred_AATS1i,0.0017964975906684705
Mordred_GATS1dv,0.0017956299206741203
Mordred_AATS5dv,0.0017883435132795959
Mordred_AATS5i,0.0017865170612001043
Mordred_SpMAD_Dzp,0.0017684232107047617
Mordred_AATSC4are,0.0017631760672803588
Mordred_ETA_shape_y,0.0017569358917459631
Mordred_TopoPSA(NO),0.001733332021191107
Mordred_AATS8p,0.0017322622726285535
Mordred_EState_VSA2,0.001725645959335872
Mordred_AATS3i,0.001719032562469045
Mordred_GATS7c,0.0017028378696977702
Mordred_BCUTpe-1h,0.0016989492509061335
Mordred_SM1_DzZ,0.0016964556268457057
Mordred_MAXaasN,0.0016959988122832563
Mordred_AATS2m,0.0016911298145499418
Mordred_AATS5pe,0.0016842106694029352
Mordred_AATS7pe,0.0016811915492308737
Mordred_Xc-5dv,0.001674485860168985
Mordred_AATS3se,0.001670077612556993
Mordred_MATS4v,0.0016600745474659785
Mordred_MAXsOH,0.0016582226394156678
Mordred_ZMIC2,0.0016547075107857523
Mordred_BCUTp-1h,0.0016537949799638682
Mordred_SpMAD_D,0.0016464895727337674
Mordred_BCUTse-1h,0.0016419861627273026
Mordred_AATSC5c,0.0016415209719115866
Mordred_MATS8dv,0.0016398285298259597
Mordred_MWC10,0.0016370030028296607
Mordred_AATS6se,0.0016353060944847642
Mordred_ATSC4are,0.0016300292798310076
Mordred_MATS4i,0.0016267920266118487
Mordred_BCUTi-1h,0.0016219984410447265
Mordred_AATSC5s,0.0016155957326791223
Mordred_piPC8,0.0016138789522094166
Mordred_AATS6are,0.0016118483151031076
Mordred_Kier2,0.0016106307683289053
Mordred_PEOE_VSA9,0.001606610083550825
Mordred_NaasN,0.001600518532248682
Mordred_Xp-7dv,0.0015914329608465478
Mordred_BIC4,0.0015892570654136404
Mordred_BCUTd-1h,0.0015880326537014752
Mordred_BCUTd-1l,0.0015865095930622723
Mordred_VE1_Dzp,0.001584901875438896
Mordred_SM1_Dzm,0.0015795103598957494
Mordred_ATS4pe,0.0015694358342006527
Mordred_MATS1dv,0.0015679068457916839
Mordred_TSRW10,0.001565724602271872
Mordred_ATSC1Z,0.001561546375958534
Mordred_LogEE_DzZ,0.0015603882725189484
Mordred_VR1_Dzse,0.0015576151531621245
Mordred_nAromBond,0.0015575974885931225
Mordred_GATS8s,0.0015482770443546714
Mordred_MIC3,0.0015361281922191916
Mordred_NsssCH,0.0015319656856199301
Mordred_AATS6d,0.0015319506794639042
Mordred_piPC5,0.0015214674141939546
Mordred_VE1_Dt,0.0015203094037437416
Mordred_VE1_Dzm,0.0015141338974663037
Mordred_AATS4are,0.0015109776959855777
Mordred_MATS5c,0.001509805848926554
Mordred_GATS3d,0.0015058904903398854
Mordred_Xp-2d,0.0015053241164806588
Mordred_AATS2se,0.0015026077332846025
Mordred_GATS6s,0.0014898256589205318
Mordred_MDEC-34,0.001481056697105639
Mordred_GATS1s,0.001476700944990839
Mordred_ATS1i,0.0014748216615913061
Mordred_MINsOH,0.0014651824414064927
Mordred_SlogP_VSA3,0.0014557932246591838
Mordred_JGI4,0.0014468961859902616
Mordred_AATSC0c,0.0014276635770369406
Mordred_SpDiam_Dt,0.0014246412522418658
Mordred_MATS7c,0.0014209012778821101
Mordred_AATSC6c,0.00141313765495064
Mordred_AATSC0i,0.0014106017611774037
Mordred_GATS2d,0.0013964282330211403
Mordred_GATS7s,0.0013946276570436452
Mordred_ATS5m,0.0013945302575666368
Mordred_VSA_EState7,0.0013918610029891394
Mordred_MATS4p,0.0013916443971476208
Mordred_ETA_shape_x,0.0013911184610279315
Mordred_nHetero,0.001388754411736821
Mordred_MATS7pe,0.0013883133592731702
Mordred_SlogP_VSA2,0.001387919735184441
Mordred_ATS0i,0.001385203698949802
Mordred_CIC5,0.0013822033329809788
Mordred_ATS8s,0.0013809930790216552
Mordred_SM1_Dzse,0.001380870247920037
Mordred_SpAbs_Dzi,0.0013769183853962273
Mordred_AATSC8i,0.0013747041725196945
Mordred_ATSC0Z,0.0013721169410116146
Mordred_VR2_Dzv,0.0013714063647484284
Mordred_MAXaasC,0.00136972734439002
Mordred_AATSC4c,0.0013686389455776166
Mordred_ATSC5c,0.0013684399839632207
Mordred_GATS4se,0.0013645686319962093
Mordred_GGI7,0.001364078012746862
Mordred_AATSC2d,0.001361888782411525
Mordred_AATSC8d,0.001361279252942803
Mordred_ATSC2c,0.001357167693190323
Mordred_GATS5Z,0.0013564520900331393
Mordred_AATS1are,0.001352442786078878
Mordred_ATSC7Z,0.001349743634815949
Mordred_GATS3p,0.0013469532738649636
Mordred_MATS7s,0.0013418037603830796
Mordred_MATS4are,0.0013408479493885767
Mordred_MATS2v,0.0013394416653613327
Mordred_GATS1m,0.0013391597502416868
Mordred_GATS5dv,0.0013363962985841857
Mordred_AATS4pe,0.0013362261767499784
Mordred_GGI5,0.0013337231501245623
Mordred_ATSC1s,0.0013311583630531206
Mordred_MATS7dv,0.0013252590419803362
Mordred_GATS1c,0.001323231184168923
Mordred_ATS0se,0.0013190915538962569
Mordred_AATS5s,0.0013147635614820902
Mordred_EState_VSA10,0.0013089311348312097
Mordred_AATSC1Z,0.001299000004142273
Mordred_AATS0m,0.0012954308834721687
Mordred_ATSC4pe,0.0012876447447296444
Mordred_AATSC4Z,0.0012855115047144638
Mordred_SpAD_Dt,0.0012810262160467003
Mordred_TpiPC10,0.001273930789338378
Mordred_VR1_Dzare,0.0012652163970468518
Mordred_SaaNH,0.0012584119268375757
Mordred_GATS7Z,0.0012576538589885297
Mordred_ATSC3d,0.0012518056170368053
Mordred_MINssO,0.0012408871451476738
Mordred_AATSC4p,0.0012395428950562764
Mordred_GATS1are,0.0012384920412736936
Mordred_AATS2pe,0.0012339385492971004
Mordred_AATSC7pe,0.0012319045734698604
Mordred_SaaCH,0.0012298470919089425
Mordred_ATSC7s,0.0012270232125429152
Mordred_SpDiam_D,0.001225988086545402
Mordred_AATS3pe,0.0012253177351154243
Mordred_VR3_Dt,0.001224942511283441
Mordred_MWC08,0.0012248278383251735
Mordred_JGI7,0.0012213929821456183
Mordred_AETA_eta_FL,0.0012184727231621454
Mordred_GATS8Z,0.0012181116726563655
Mordred_AATS3are,0.00121710489374715
Mordred_MDEO-12,0.0012162394404937526
Mordred_AATS1p,0.0012142771524185794
Mordred_MATS4c,0.0012129608574065428
Mordred_BIC5,0.0012056855254999875
Mordred_VR3_Dzi,0.0012008700739021166
Mordred_AATSC4m,0.0012006215621897637
Mordred_GATS1se,0.0011973317874464317
Mordred_VR3_Dzare,0.0011971424412948034
Mordred_SpAbs_Dzv,0.0011872547782009531
Mordred_n6Ring,0.0011860775902227505
Mordred_Xc-6d,0.0011784608428432345
Mordred_NdO,0.0011773396801672675
Mordred_AATS6dv,0.0011761962856839383
Mordred_AATS5are,0.0011756687167460474
Mordred_ETA_dPsi_A,0.0011736878515392088
Mordred_piPC6,0.0011731590533057377
Mordred_ATS1d,0.0011691478632428068
Mordred_AATSC7se,0.0011676147490776838
Mordred_RPCG,0.0011661114559940163
Mordred_GATS6are,0.0011644232158744756
Mordred_AATS1se,0.001162768398561594
Mordred_C2SP2,0.0011617180271252714
Mordred_piPC7,0.0011607030029998785
Mordred_TIC0,0.0011547256437647812
Mordred_AATS0i,0.0011544117553237906
Mordred_CIC4,0.0011533975765676877
Mordred_SpAbs_Dt,0.0011520676768527044
Mordred_Mi,0.0011503926913806403
Mordred_MAXsssCH,0.0011468709932616295
Mordred_NaaN,0.001145799100269011
Mordred_BIC2,0.0011409029522357554
Mordred_AATSC0d,0.001132774963194484
Mordred_SMR_VSA6,0.001131848676687924
Mordred_SaaN,0.0011311821519866645
Mordred_MAXaaCH,0.0011306369428846286
Mordred_SMR_VSA7,0.0011276295338275815
Mordred_AMID_O,0.0011271293670568503
Mordred_DetourIndex,0.0011194855839854595
Mordred_MINaasN,0.0011186148959598833
Mordred_Radius,0.001117565952510561
Mordred_nAromAtom,0.001115245185773504
Mordred_ATSC2d,0.0011126315897739326
Mordred_piPC10,0.0011114374484518204
Mordred_SpAD_A,0.0011113967397353307
Mordred_Xpc-5d,0.00111093135815497
Mordred_MWC09,0.001109778150430707
Mordred_VE1_Dzpe,0.0011094862111574743
Mordred_GATS2v,0.0011078534548771442
Mordred_MATS4pe,0.0011073803246058952
Mordred_SpDiam_Dzp,0.0011049781708896253
Mordred_MATS1Z,0.00110349397679929
Mordred_GATS6se,0.0011033887329167443
Mordred_PEOE_VSA5,0.00109700138372077
Mordred_ABC,0.0010927472698454572
Mordred_AATSC7s,0.0010926034282169584
Mordred_AATSC4v,0.0010919136761150126
Mordred_AATSC1m,0.0010911859617397013
Mordred_VE3_Dzm,0.0010882188203718735
Mordred_piPC9,0.0010864225822654044
Mordred_n6HRing,0.001086189998682012
Mordred_AATSC4i,0.001083282356855182
Mordred_MATS1s,0.0010785344569546307
Mordred_AATS2p,0.0010735750281168144
Mordred_ATSC7m,0.0010727369291468765
Mordred_GATS4pe,0.001070375546353258
Mordred_AATS7v,0.0010660491461991128
Mordred_SpDiam_Dzv,0.001065707850067204
Mordred_MATS5m,0.0010650216893045123
Mordred_SIC4,0.0010630005503026241
Mordred_GATS5m,0.0010590657861055703
Mordred_SpMAD_Dzi,0.0010521317432168103
Mordred_ATSC7are,0.0010494752503821853
Mordred_ATS0p,0.0010491139202143643
Mordred_ATS4se,0.0010478106873006428
Mordred_AATS8d,0.0010436353398183026
Mordred_MATS7se,0.0010427566918279432
Mordred_ATS4m,0.001039663053943466
Mordred_Xch-6d,0.0010382180971930755
Mordred_SpMax_Dzp,0.001038145942732475
Mordred_AATS2are,0.0010352691148421524
Mordred_GATS6pe,0.0010338396538132147
Mordred_ETA_alpha,0.0010317499511306764
Mordred_AETA_dBeta,0.001031499296765102
Mordred_n9FaRing,0.001029476978137909
Mordred_AATS7i,0.001027625903447905
Mordred_FCSP3,0.001026747996594753
Mordred_MATS2d,0.0010258464003288724
Mordred_AATS8Z,0.0010246882928798976
Mordred_BCUTp-1l,0.001022943704930357
Mordred_SRW09,0.001021658788091095
Mordred_AMW,0.0010200113992609042
Mordred_ATSC0c,0.00101950054645316
Mordred_MATS2m,0.0010098604959727588
Mordred_n5AHRing,0.0010090156408423907
Mordred_ETA_psi_1,0.0010090069282256966
Mordred_BalabanJ,0.0010073270493630687
Mordred_GATS8i,0.0010047904372969178
Mordred_SM1_Dzpe,0.001003819396178957
Mordred_AATS6i,0.001002376114328844
Mordred_ATS7dv,0.0010022333653541954
Mordred_ETA_dEpsilon_A,0.0009986245514132166
Mordred_ATSC8d,0.0009979013964815933
Mordred_SRW07,0.000996498463678226
Mordred_GATS5p,0.0009911439811948642
Mordred_AATS5Z,0.0009891192565486691
Mordred_ATSC8i,0.0009889510562078078
Mordred_LogEE_Dzp,0.000986512807102923
Mordred_GATS1p,0.0009854373956714453
Mordred_AATSC2se,0.0009797622904256958
Mordred_Mse,0.0009792391261598565
Mordred_AATSC0p,0.0009746490738492738
Mordred_n6AHRing,0.0009722364616159554
Mordred_MATS8i,0.00097100156162727
Mordred_SpDiam_DzZ,0.0009643740748386442
Mordred_MATS1c,0.0009627190193948748
Mordred_ATSC6are,0.0009619522084576724
Mordred_MATS8c,0.000961532774607906
Mordred_GATS7se,0.000960809810177015
Mordred_PEOE_VSA13,0.0009596662785925003
Mordred_SM1_Dzv,0.0009577451910879246
Mordred_JGT10,0.0009564773425573861
Mordred_GATS8m,0.0009542417404470173
Mordred_AXp-4dv,0.0009538170672249008
Mordred_GATS7dv,0.0009534188749516109
Mordred_AATS7m,0.0009524641073887018
Mordred_MATS2dv,0.000948718554934856
Mordred_MWC03,0.0009462794204972974
Mordred_fMF,0.0009454559992786105
Mordred_ATS3se,0.0009402458100723627
Mordred_SpAbs_Dzm,0.0009395483027278036
Mordred_SaasC,0.0009366062808995313
Mordred_AATSC7dv,0.0009345468642566865
Mordred_AETA_eta_BR,0.0009332236704446648
Mordred_AATS8pe,0.0009313606594878699
Mordred_AATSC2are,0.0009289993735656317
Mordred_AATSC6d,0.0009286486041000851
Mordred_HybRatio,0.0009261406497254341
Mordred_AATSC8dv,0.0009242926997429063
Mordred_ATSC7se,0.0009224384283011182
Mordred_ATSC4Z,0.0009186603841041337
Mordred_ATS1pe,0.0009179421349165642
Mordred_SpAD_Dzp,0.0009171826950798434
Mordred_AATSC3c,0.0009167843529497516
Mordred_ATSC4c,0.0009165160810556877
Mordred_MATS5d,0.0009164960303993465
Mordred_SpAbs_Dzp,0.0009144903711750311
Mordred_GATS2pe,0.0009125051589181577
Mordred_Xp-0dv,0.000906666300581178
Mordred_ATSC0dv,0.0009065881879673309
Mordred_VR2_Dzi,0.0008978260758003386
Mordred_AATS8m,0.000894198018403509
Mordred_NssCH2,0.0008921375954635005
Mordred_ATSC6c,0.0008895508342385844
Mordred_AATS4p,0.0008866648742377419
Mordred_AATS3Z,0.0008848348845893297
Mordred_ETA_dEpsilon_B,0.0008845542719886717
Mordred_SM1_Dzi,0.0008817497319480395
Mordred_AATS0d,0.0008808514716862811
Mordred_GATS7m,0.0008794934073185066
Mordred_AATS7d,0.0008793540965057041
Mordred_AATSC2dv,0.0008781276212002289
Mordred_ATS4s,0.0008755275773402001
Mordred_ATS3m,0.000874261865178385
Mordred_CIC2,0.0008732141446393096
Mordred_GATS2s,0.0008698322783196726
Mordred_MATS8d,0.0008695807480504806
Mordred_AATS0p,0.0008678999347829653
Mordred_AATSC0se,0.0008646907102785142
Mordred_AATSC5se,0.0008637390157000581
Mordred_SIC5,0.0008633925704567416
Mordred_AATS8v,0.0008630797628745151
Mordred_SdssC,0.0008616407315473227
Mordred_GATS1v,0.0008588419959356446
Mordred_Xch-6dv,0.0008555536564601373
Mordred_RNCG,0.0008542147977127594
Mordred_ETA_dBeta,0.0008523402799102839
Mordred_AATS2Z,0.0008495567723552465
Mordred_BCUTc-1h,0.0008460769110875503
Mordred_PEOE_VSA10,0.0008432841891736242
Mordred_ETA_epsilon_2,0.0008429046668237211
Mordred_ETA_beta_ns,0.0008423533320638216
Mordred_GATS8d,0.0008416774315810772
Mordred_ATSC6p,0.0008415584773674369
Mordred_ATSC4p,0.0008405427860024615
Mordred_VSA_EState4,0.0008369470082348952
Mordred_AATS6pe,0.0008360408775371288
Mordred_SMR_VSA1,0.0008342914774232739
Mordred_ATSC8dv,0.0008340790732201284
Mordred_SlogP_VSA8,0.0008333608570957244
Mordred_JGI9,0.000832351412408391
Mordred_ATSC7p,0.0008306994762427514
Mordred_Xc-4dv,0.0008304243376092616
Mordred_VSA_EState6,0.0008300408971474519
Mordred_ATSC6m,0.000829072152563832
Mordred_ATSC5s,0.0008276153881107338
Mordred_MATS8p,0.0008259351523522684
Mordred_IC3,0.0008222069149437448
Mordred_NaaCH,0.0008199380412721531
Mordred_AATS8dv,0.0008158844592641907
Mordred_MINaasC,0.0008137044008904656
Mordred_SM1_Dzp,0.0008114380435918705
Mordred_MAXdssC,0.0008086605624427881
Mordred_AATS0Z,0.0008075859667083718
Mordred_ATSC1dv,0.0008074634174642675
Mordred_NsOH,0.0008071476500861825
Mordred_AATSC5Z,0.0008058546169341803
Mordred_LogEE_Dzv,0.0008036373874875307
Mordred_AATSC7p,0.0008033842584258458
Mordred_ATSC0are,0.0008033637383088117
Mordred_Xp-5d,0.0008027894288188338
Mordred_JGI3,0.0008011343847849139
Mordred_VE3_DzZ,0.0008007911526600374
Mordred_ATSC7dv,0.0008006483589128304
Mordred_MINaaCH,0.0007998854936489639
Mordred_SpMax_Dzv,0.0007998840052070818
Mordred_ETA_eta_R,0.0007998095050669253
Mordred_BCUTv-1l,0.0007993664991253686
Mordred_AATS5m,0.0007993617880703882
Mordred_AATS6Z,0.0007977645850658426
Mordred_GGI10,0.000795338408164303
Mordred_MATS7i,0.0007900314820401882
Mordred_VSA_EState5,0.0007892496121644213
Mordred_GATS2are,0.0007888446968264286
Mordred_MATS8are,0.0007847914656899581
Mordred_SssO,0.0007842517975738574
Mordred_SpDiam_Dzpe,0.000782434952609812
Mordred_AATS1d,0.000781395348445492
Mordred_SpDiam_Dzi,0.0007792589838915884
Mordred_MATS5s,0.0007771332230941841
Mordred_AATSC2m,0.0007760304491570743
Mordred_ATS7s,0.0007703938090741602
Mordred_BCUTs-1l,0.0007697524569459626
Mordred_MATS7Z,0.0007696105847227416
Mordred_MATS7are,0.0007662188309051893
Mordred_AATSC1s,0.0007657858473483958
Mordred_bpol,0.0007644630065422782
Mordred_ATSC4v,0.0007636844111448823
Mordred_Xc-5d,0.0007634224436514085
Mordred_MATS2Z,0.0007631423058058684
Mordred_EState_VSA6,0.0007623825758832454
Mordred_AETA_beta_ns_d,0.0007608634416850476
Mordred_MATS1m,0.0007578903897516006
Mordred_AATS0are,0.0007551274516022468
Mordred_ATSC6dv,0.0007546059382178507
Mordred_ATSC7pe,0.0007543231188346074
Mordred_AATSC7i,0.0007523463558460253
Mordred_nHRing,0.0007521125211615538
Mordred_PEOE_VSA6,0.0007517388126911358
Mordred_AATS0se,0.0007506114744949609
Mordred_MATS4dv,0.0007484128504163351
Mordred_TIC1,0.0007481022923908016
Mordred_AMID_X,0.0007467172594053128
Mordred_MATS6c,0.0007467138456968486
Mordred_piPC3,0.0007466451457165227
Mordred_ATSC7i,0.0007453224380727678
Mordred_MAXaaNH,0.0007448364412255699
Mordred_ATS5dv,0.0007435894453295222
Mordred_nBondsA,0.0007432189278482915
Mordred_JGI1,0.0007420483078445954
Mordred_AATS8se,0.0007405442328329309
Mordred_MAXssO,0.0007393607256486735
Mordred_MATS7m,0.0007384057056182418
Mordred_AATS4s,0.0007371454053374121
Mordred_SpMAD_Dzpe,0.0007352346562617295
Mordred_ATSC2se,0.0007340321973614931
Mordred_SpMAD_Dzse,0.0007339901321635158
Mordred_AATSC1c,0.0007332691782806094
Mordred_AATS6p,0.0007317279595947557
Mordred_ATS2se,0.0007297308259254679
Mordred_GATS6dv,0.0007281976804035241
Mordred_ATSC0m,0.0007269005431408138
Mordred_AATSC2c,0.0007263433411522446
Mordred_MATS2are,0.0007257201832294043
Mordred_GATS6d,0.0007253910312183712
Mordred_AATS0dv,0.0007242095936892972
Mordred_AATSC6are,0.0007230102251107426
Mordred_ATSC6v,0.0007230030341697616
Mordred_ATSC3c,0.0007226476864540465
Mordred_MATS6i,0.0007207432849506992
Mordred_ATSC8s,0.0007193973305009703
Mordred_MATS2se,0.0007167803618425742
Mordred_AATSC2pe,0.0007163913068941068
Mordred_GATS8pe,0.0007140666118390326
Mordred_JGI8,0.0007137551064265107
Mordred_IC2,0.0007133893683885028
Mordred_MATS5are,0.0007129331098614259
Mordred_Xp-3dv,0.0007127460450939549
Mordred_AETA_alpha,0.0007116028818306691
Mordred_VSA_EState1,0.000711326743240852
Mordred_AATS7s,0.0007101892138485922
Mordred_AATS4Z,0.0007078592327793989
Mordred_MATS4Z,0.0007059801527523138
Mordred_SpMax_D,0.0007045043650846156
Mordred_ATS2dv,0.0007032848890572448
Mordred_MATS2pe,0.000702533212603867
Mordred_JGI6,0.0007019049743299242
Mordred_PEOE_VSA3,0.0007013862219637921
Mordred_MATS5pe,0.0006996027330358673
Mordred_GATS6v,0.0006994723231989445
Mordred_AXp-3dv,0.0006992070737467748
Mordred_ECIndex,0.0006984502958771113
Mordred_MATS5se,0.0006980311249229392
Mordred_VR3_Dzse,0.0006975296784216047
Mordred_AATSC7d,0.0006964898419112978
Mordred_ATSC7c,0.0006959848723547164
Mordred_GATS7pe,0.0006945694607984746
Mordred_Xp-5dv,0.0006943134658743743
Mordred_MATS5Z,0.0006928274297521009
Mordred_ATS3are,0.0006924660630053911
Mordred_ETA_eta_FL,0.0006890646119683925
Mordred_MATS8s,0.0006890636873266582
Mordred_AATS7p,0.0006873550560129456
Mordred_EState_VSA4,0.0006860425725629958
Mordred_SpMax_Dzpe,0.0006859773927002598
Mordred_ATS4are,0.0006847963198561946
Mordred_FilterItLogS,0.000684139688182364
Mordred_AATS7Z,0.0006824617941146823
Mordred_n6aHRing,0.0006814480445509457
Mordred_SMR_VSA9,0.0006811749479245038
Mordred_AATS6s,0.0006799920017777023
Mordred_n5Ring,0.0006799275380382301
Mordred_AATSC4dv,0.0006788697713848297
Mordred_MAXssCH2,0.0006775833606772432
Mordred_GGI6,0.0006767529123949264
Mordred_ETA_shape_p,0.000675540924324147
Mordred_AATS1dv,0.0006752370430652418
Mordred_GATS3Z,0.0006748085882703553
Mordred_SpAbs_D,0.000672046587472892
Mordred_GATS2se,0.0006720201490032085
Mordred_AATS3m,0.0006693445725818932
Mordred_nH,0.0006686034540562296
Mordred_MATS6are,0.0006681602869049111
Mordred_Xc-3d,0.0006670059198450485
Mordred_VE2_A,0.0006662201767466887
Mordred_PEOE_VSA8,0.0006658367275044924
Mordred_MINdO,0.0006646165766052258
Mordred_AATSC2Z,0.0006646016261839839
Mordred_AATS3s,0.0006644071976465252
Mordred_MID_O,0.0006642602287496003
Mordred_AMID,0.0006629068022813478
Mordred_MZ,0.0006622062091289777
Mordred_MID_X,0.0006619270323720884
Mordred_MATS8pe,0.0006606154999838838
Mordred_SpAD_DzZ,0.0006578979001065874
Mordred_AXp-6dv,0.0006569108025525276
Mordred_SssCH2,0.0006553629953149888
Mordred_MATS3v,0.00065510971101679
Mordred_ATSC5se,0.0006525294032355194
Mordred_AXp-5dv,0.0006519168605936413
Mordred_AATS4d,0.0006517926306603018
Mordred_AATSC5d,0.000651787958612573
Mordred_ATSC5m,0.0006508407856593301
Mordred_BCUTdv-1h,0.0006500242308170494
Mordred_CIC3,0.0006472836234373126
Mordred_ETA_epsilon_3,0.0006463119444665566
Mordred_GATS3pe,0.000645740128891398
Mordred_naRing,0.0006435472174244779
Mordred_Xp-7d,0.0006430365313483972
Mordred_ATSC3dv,0.0006429126552349372
Mordred_AATS6m,0.0006425948251595732
Mordred_AATS8i,0.0006419156058753376
Mordred_ATSC0d,0.0006408610839167557
Mordred_ZMIC4,0.0006404239526544778
Mordred_MINaaNH,0.0006402224908687325
Mordred_ETA_epsilon_1,0.0006392402110383168
Mordred_AATSC8p,0.0006389112580224293
Mordred_AATS1pe,0.0006386621337151672
Mordred_GATS6p,0.0006376938720002531
Mordred_GATS8se,0.0006363223903413279
Mordred_AATSC0pe,0.0006312910704171422
Mordred_MWC07,0.0006307361814416795
Mordred_MWC06,0.000630343238161165
Mordred_SpAD_Dzse,0.0006287191754158043
Mordred_AATSC7c,0.0006286150697280008
Mordred_ATSC2are,0.0006279847218057634
Mordred_GGI4,0.0006262697638119702
Mordred_AATS0s,0.0006261694011946821
Mordred_Mp,0.0006259898966833463
Mordred_BertzCT,0.0006229196540606583
Mordred_LogEE_D,0.0006227839902951198
Mordred_ATSC4dv,0.0006225892117183332
Mordred_GATS6Z,0.0006224861658326852
Mordred_Mare,0.0006218273728763871
Mordred_ATS1s,0.000618846827931276
Mordred_MATS6d,0.0006178828083617876
Mordred_ATSC4d,0.000616602097677287
Mordred_SM1_Dzare,0.000616278206379396
Mordred_GATS2i,0.0006155258403899533
Mordred_ATSC0s,0.0006133839614639987
Mordred_AATSC8pe,0.0006130709211355418
Mordred_AATSC6p,0.0006128283155140878
Mordred_AATS5p,0.0006124747225451236
Mordred_AATS2v,0.0006097287547313831
Mordred_MINaaaC,0.0006078013971267514
Mordred_ATS3i,0.0006046346389279092
Mordred_GGI9,0.000604559459290969
Mordred_AATSC5v,0.0006041623452152224
Mordred_ATS2pe,0.0006036007066619484
Mordred_EState_VSA8,0.0006033886836590384
Mordred_GATS3se,0.0006032009709989169
Mordred_SIC3,0.0006029249471026617
Mordred_AATSC7are,0.0006024366459582937
Mordred_AATSC6pe,0.0006022372142581515
Mordred_MATS4d,0.00060140587641445
Mordred_MATS2c,0.0006013005328129208
Mordred_AATS3dv,0.0006009878444875947
Mordred_GATS5v,0.0006005897987028863
Mordred_ATSC8are,0.0005995057465345288
Mordred_VSA_EState8,0.0005994388442077204
Mordred_ATSC0pe,0.0005980801050240715
Mordred_AATSC7m,0.0005969900029364871
Mordred_ATS0m,0.0005968175360827296
Mordred_Xp-2dv,0.0005964250438810066
Mordred_AATSC3v,0.0005962197479874186
Mordred_ATS3Z,0.000588819612185002
Mordred_ATSC6i,0.0005883577664978303
Mordred_ATSC6pe,0.0005857122160508369
Mordred_nFARing,0.0005855903685848581
Mordred_GATS8p,0.0005851832079657019
Mordred_ATSC4s,0.0005841905271269693
Mordred_ATS4dv,0.0005835028692643122
Mordred_piPC2,0.0005820603467527764
Mordred_AATSC8c,0.0005809876835386314
Mordred_ATSC0i,0.0005809090163810431
Mordred_ZMIC3,0.0005797964450223401
Mordred_ATSC4i,0.0005797062100402772
Mordred_ATSC3v,0.0005775464195979344
Mordred_AATSC6dv,0.0005773910771896495
Mordred_ATS0Z,0.0005773122957711442
Mordred_ATSC8se,0.0005763727206493967
Mordred_SlogP_VSA5,0.0005760543158778308
Mordred_ATSC5pe,0.0005756195365836254
Mordred_ATS3pe,0.000575157594370991
Mordred_ETA_beta_s,0.0005748950176795719
Mordred_AATSC8s,0.0005747531181460226
Mordred_n9FaHRing,0.0005739531048388254
Mordred_LogEE_Dzse,0.0005739103688141696
Mordred_Mpe,0.0005730007566399629
Mordred_ATSC5are,0.0005725885203000275
Mordred_ATSC1c,0.0005711420487616929
Mordred_AATS5v,0.0005701458203771278
Mordred_ATSC5i,0.000569927290426761
Mordred_MATS3dv,0.0005689325804765098
Mordred_MATS2p,0.000568910863788163
Mordred_ATSC2p,0.0005681260440835527
Mordred_MINsssCH,0.0005675879298223474
Mordred_GATS8dv,0.0005649775587142662
Mordred_SRW05,0.0005649052584680161
Mordred_ATSC8p,0.0005647079789046815
Mordred_ATS8m,0.000564458667871619
Mordred_GATS3v,0.0005639162224381628
Mordred_VE2_Dzi,0.0005634093617059512
Mordred_MDEC-24,0.000561304925727911
Mordred_MDEN-23,0.0005605424871622528
Mordred_TMWC10,0.0005594505125497974
Mordred_MATS3pe,0.0005590131798173582
Mordred_n5ARing,0.0005589223908879693
Mordred_ATS1dv,0.0005587377018580281
Mordred_AATS3d,0.0005578909227045469
Mordred_GATS3s,0.0005559475526066413
Mordred_MATS3c,0.0005546903635214613
Mordred_MATS3se,0.000551470429158351
Mordred_ATSC2Z,0.0005508676586351261
Mordred_Mm,0.0005508500703986698
Mordred_SRW10,0.0005503449471377201
Mordred_SlogP_VSA4,0.0005492773007418069
Mordred_ATS3dv,0.0005482352153405372
Mordred_ATSC8c,0.0005478824324974169
Mordred_GATS7i,0.000547631699938288
Mordred_GATS7d,0.0005476195432464766
Mordred_ATSC2m,0.0005465289205055185
Mordred_GATS7are,0.000546237517024382
Mordred_MATS2i,0.0005445833955225296
Mordred_AATS2dv,0.0005437482850693784
Mordred_AATSC6se,0.0005437069754067309
Mordred_ATSC5d,0.000540988948607388
Mordred_piPC4,0.0005404928705997367
Mordred_NaaNH,0.0005400496510910884
Mordred_GATS7v,0.0005391253789320579
Mordred_MINssNH,0.0005387593866504301
Mordred_ATS3s,0.0005382320255204819
Mordred_ATS4i,0.0005379302450067092
Mordred_GATS8are,0.0005376425962861632
Mordred_SsF,0.0005367740446019552
Mordred_ATSC6d,0.0005348981941477637
Mordred_MATS6m,0.0005329937948222291
Mordred_PEOE_VSA2,0.0005319197042670927
Mordred_GATS3m,0.0005306140841710268
Mordred_ATS6s,0.0005297479961133085
Mordred_ATSC4m,0.0005258109915599059
Mordred_ATSC0p,0.0005234109852065694
Mordred_AATSC3are,0.0005222164735426278
Mordred_AATSC8are,0.0005219714723331379
Mordred_MATS8se,0.0005219063694779002
Mordred_SpDiam_Dzse,0.0005205811234030887
Mordred_MAXaaaC,0.0005193398601587745
Mordred_MATS4m,0.0005183437505504684
Mordred_MATS4s,0.0005182174558625353
Mordred_mZagreb1,0.0005167780749503938
Mordred_SpDiam_Dzare,0.0005143799605007593
Mordred_GGI8,0.000513519741407957
Mordred_AATSC0s,0.000513042545093979
Mordred_MINdsCH,0.000511253626266462
Mordred_AATSC3pe,0.0005098262620214466
Mordred_GATS2Z,0.0005095466202777815
Mordred_AATSC7v,0.0005089647626899476
Mordred_AATSC8v,0.000507740881922333
Mordred_ATSC5Z,0.0005075033165067239
Mordred_AATS8are,0.0005072508530906712
Mordred_EState_VSA3,0.0005070750150183338
Mordred_AATSC4s,0.0005070056668812075
Mordred_AATSC4d,0.0005067324935585423
Mordred_ATS6dv,0.0005046790429860874
Mordred_ATSC8v,0.0005041952875459902
Mordred_ATSC5v,0.0005039459348523379
Mordred_AETA_beta,0.0005037989434625943
Mordred_MW,0.0005031803382763131
Mordred_WPath,0.0005026126208418042
Mordred_ETA_beta,0.0005025978710541982
Mordred_AXp-7dv,0.000502123901444233
Mordred_AETA_eta_F,0.0005011991216795976
Mordred_MATS7p,0.0005009948659868285
Mordred_AATS4dv,0.0005007618891282716
Mordred_SpAbs_Dzpe,0.0004999171520408839
Mordred_GATS5d,0.0004998306416379024
Mordred_AATSC3m,0.0004991336689200649
Mordred_GATS6i,0.0004984420480032135
Mordred_ATSC2i,0.0004969259934540796
Mordred_ATS5s,0.0004966612570974358
Mordred_GATS2m,0.0004957837717707641
Mordred_MDEO-11,0.0004944817943149306
Mordred_MATS6v,0.000494349164125379
Mordred_fragCpx,0.0004940512606021777
Mordred_VE1_Dzv,0.0004938795671282443
Mordred_ATSC7d,0.0004936389387698282
Mordred_AATSC5m,0.0004931058269635636
Mordred_AETA_eta_L,0.0004929975373260262
Mordred_AATS6v,0.0004929264462549497
Mordred_ETA_dAlpha_B,0.0004927167322985451
Mordred_ATSC3pe,0.0004916006199437024
Mordred_VE2_DzZ,0.0004898510647034052
Mordred_MIC2,0.0004894348963922458
Mordred_ATS8dv,0.0004886188483988141
Mordred_ATS2m,0.00048390764127801805
Mordred_SpAD_Dzv,0.0004832933905937496
Mordred_Lipinski,0.0004827671308038198
Mordred_AATSC6i,0.00048242603482960957
Mordred_Xpc-4d,0.0004817612503584989
Mordred_nBase,0.00048149823046309654
Mordred_ATS7m,0.00048117697140876375
Mordred_nARing,0.00048055184850380467
Mordred_ZMIC5,0.00047978213655108424
Mordred_GATS4v,0.00047837408641033174
Mordred_LogEE_Dzm,0.00047759426337747935
Mordred_AETA_eta_RL,0.00047743597447269303
Mordred_ATSC6Z,0.0004767165174261951
Mordred_VE2_Dzare,0.0004757214644915729
Mordred_Xp-4dv,0.00047524480403419116
Mordred_ATSC1d,0.0004751965456475843
Mordred_MPC4,0.0004748649630166546
Mordred_SsssCH,0.00047463507850898577
Mordred_AATSC6v,0.0004723380632046089
Mordred_ATSC2dv,0.00047123609932660595
Mordred_AATS7dv,0.0004698470522309387
Mordred_AATS1v,0.00046925651240355154
Mordred_MAXsCH3,0.0004677891046238706
Mordred_ATS8Z,0.00046773722407685145
Mordred_AATSC3dv,0.0004618121702570336
Mordred_C4SP3,0.0004606574583587893
Mordred_MDEC-13,0.0004606251812093054
Mordred_LogEE_Dzare,0.0004582449577395616
Mordred_MATS5v,0.00045616990508805586
Mordred_naHRing,0.00045516387938173466
Mordred_GATS8v,0.0004547195124572579
Mordred_MATS3m,0.0004543581175842147
Mordred_AATSC2p,0.0004539971232355651
Mordred_SpDiam_Dzm,0.00045344380926912154
Mordred_MATS6p,0.00045297812808810554
Mordred_ATS2i,0.0004529427879274553
Mordred_ETA_eta_BR,0.00045232227887422694
Mordred_BIC3,0.00045182236952455337
Mordred_ATSC3s,0.0004514889918337145
Mordred_MATS6pe,0.0004511124812221912
Mordred_SlogP_VSA11,0.00045110057696761996
Mordred_SsssN,0.00045085930600294235
Mordred_n6aRing,0.00045037520866742496
Mordred_AATSC2v,0.00045014503434625527
Mordred_GATS4Z,0.00044974158418469213
Mordred_PEOE_VSA1,0.00044966306088598
Mordred_ATSC2pe,0.0004483741095888149
Mordred_ATSC8pe,0.00044538596387978845
Mordred_n9FHRing,0.00044514439752960626
Mordred_SlogP_VSA6,0.00044480390264069815
Mordred_MATS8m,0.00044378186336522596
Mordred_SpAD_Dzm,0.0004421741562341092
Mordred_MAXsssN,0.00044167560013973347
Mordred_AATSC7Z,0.0004398918968388966
Mordred_MID,0.0004397861472794462
Mordred_SaaaC,0.0004397377164026749
Mordred_GATS4d,0.0004395667095691466
Mordred_AATS4m,0.00043910802997090885
Mordred_ATSC3m,0.0004377638014516789
Mordred_BCUTs-1h,0.0004357697632958697
Mordred_MATS6Z,0.0004332676576406924
Mordred_AATSC0are,0.00043235291382375944
Mordred_AETA_beta_ns,0.0004319739550807216
Mordred_MATS5i,0.00043090296396558746
Mordred_AATSC5dv,0.0004295377238758742
Mordred_ATS2s,0.0004291294643458993
Mordred_ATSC3se,0.0004279682598815975
Mordred_MATS3are,0.00042677896521237503
Mordred_Mv,0.00042611008719991694
Mordred_MATS5dv,0.0004258108698933365
Mordred_AXp-2dv,0.0004243968832471147
Mordred_SpAbs_A,0.000424150858178198
Mordred_AXp-0dv,0.0004235052476508398
Mordred_GATS7p,0.00042342538760222376
Mordred_AATSC6m,0.0004231638576414989
Mordred_AATSC8se,0.00042287082500185784
Mordred_MATS6dv,0.00042242341418882663
Mordred_GATS4m,0.0004220577705827093
Mordred_SpAD_Dzi,0.00042176561411408136
Mordred_GATS2p,0.00042151035454409536
Mordred_nRot,0.0004211258289709133
Mordred_MATS3s,0.0004208743314618279
Mordred_ATS0s,0.0004205568494386268
Mordred_ATSC8Z,0.00041774533596335666
Mordred_MATS8v,0.00041616604733550464
Mordred_SpAD_D,0.00041408939963621434
Mordred_AATSC3se,0.0004139992037075486
Mordred_AATS8s,0.000412310888625994
Mordred_GATS8c,0.0004111668516915757
Mordred_AATS5d,0.00041069458979103044
Mordred_VE3_Dzi,0.00041053676219678033
Mordred_MATS3Z,0.00040700109565810604
Mordred_ATS0dv,0.00040670518896121835
Mordred_MATS5p,0.0004063649310550081
Mordred_EState_VSA9,0.0004048093624651225
Mordred_GATS6m,0.00040475845802843784
Mordred_SpAD_Dzpe,0.00040420557329563507
Mordred_ATS4Z,0.0004037442228987145
Mordred_ETA_eta_L,0.0004022855506925094
Mordred_ATS1m,0.00040174659746111706
Mordred_GATS4p,0.00040022151325175173
Mordred_MATS6se,0.0003999916977867042
Mordred_ATSC6se,0.00039926302599001425
Mordred_C2SP3,0.00039918665339032806
Mordred_TIC2,0.00039918355222015735
Mordred_AXp-1dv,0.0003971566825907848
Mordred_SMR_VSA5,0.000396317665360289
Mordred_AATS0pe,0.00039611212096878306
Mordred_ATSC3are,0.0003960608440373885
Mordred_MWC05,0.0003948958814501137
Mordred_MATS7v,0.000394657067290061
Mordred_Sm,0.00039441539043932845
Mordred_AATS3v,0.0003941558017304677
Mordred_VR3_Dzm,0.0003941009069830595
Mordred_SRW08,0.00039375967449161494
Mordred_ETA_eta_F,0.0003935320100883966
Mordred_MAXsF,0.000392352071350215
Mordred_AATSC5i,0.0003903191116710776
Mordred_SpMax_DzZ,0.0003887936711382154
Mordred_GATS3are,0.0003878412655364516
Mordred_Zagreb2,0.00038725281183290584
Mordred_AATS1s,0.00038535464752725954
Mordred_MATS8Z,0.00038345254675130016
Mordred_n5HRing,0.00038218058344344983
Mordred_EState_VSA7,0.0003805697209207132
Mordred_VR1_Dzi,0.0003790919292857848
Mordred_n6ARing,0.0003753712149777009
Mordred_ATSC3Z,0.0003742441440614647
Mordred_AETA_eta_B,0.0003727779339884764
Mordred_ATSC8m,0.0003708343629757482
Mordred_ATS2p,0.0003700099448409581
Mordred_AATS3p,0.0003696242369612611
Mordred_ATS2are,0.00036807114777735966
Mordred_VR2_Dt,0.0003672478345652624
Mordred_ABCGG,0.0003671062957298415
Mordred_EState_VSA5,0.0003625025635526417
Mordred_GATS2dv,0.00036119113969345837
Mordred_GATS3dv,0.0003589405240589053
Mordred_AATSC8Z,0.00035842135417270564
Mordred_VE1_Dzi,0.0003583497907865013
Mordred_SpMAD_A,0.00035721479702783204
Mordred_SMR_VSA4,0.0003563096953241116
Mordred_VE3_D,0.0003553359035844317
Mordred_AATS4v,0.0003543393175203429
Mordred_AATSC6Z,0.0003536971550449829
Mordred_ETA_eta,0.0003528932551049716
Mordred_SpMax_Dzse,0.0003528486335986813
Mordred_AATSC2i,0.00035277601427044107
Mordred_JGI10,0.0003506114422924377
Mordred_ATSC7v,0.00034878600763612927
Mordred_nF,0.0003481781540738762
Mordred_VE1_DzZ,0.0003454235210926775
Mordred_LogEE_A,0.0003448714691920189
Mordred_nBondsKS,0.00034445908730427864
Mordred_ATS1are,0.00034303502287097047
Mordred_VR1_Dt,0.00034279896850330734
Mordred_Xc-4d,0.0003414720209003135
Mordred_VE2_Dt,0.00034043015802468553
Mordred_AATSC8m,0.0003400587039068976
Mordred_ATSC5dv,0.00033743627426583475
Mordred_MATS7d,0.0003372751958254173
Mordred_SpAD_Dzare,0.00033689887894227256
Mordred_C3SP3,0.0003353002530230106
Mordred_AETA_eta_R,0.00033507560587531265
Mordred_VE3_Dzp,0.0003350140944663347
Mordred_GATS5i,0.0003332135802491864
Mordred_AATS2s,0.0003330595686388831
Mordred_GGI3,0.00033293489994129874
Mordred_MINsCH3,0.0003323935197985884
Mordred_Kier1,0.00032946032277505945
Mordred_ATSC0se,0.00032800040297704887
Mordred_SpMax_Dzare,0.00032759875843882446
Mordred_AATSC3s,0.0003269353948025554
Mordred_VE3_Dzse,0.0003258274623140855
Mordred_AATS0v,0.00032565931671767884
Mordred_AXp-0d,0.0003230544987552931
Mordred_MDEC-12,0.00032158512525130937
Mordred_ATSC5p,0.0003211898326385413
Mordred_ATSC2v,0.0003211139451571554
Mordred_VE1_Dzse,0.0003198150809095848
Mordred_AATSC3Z,0.0003164782794185757
Mordred_Xp-4d,0.0003161651174095736
Mordred_LogEE_Dzi,0.00031484265570886147
Mordred_SpAbs_DzZ,0.00031174648204565237
Mordred_MINsssN,0.0003091445463511087
Mordred_ATS2d,0.000309098270504364
Mordred_nO,0.0003062644695448922
Mordred_SsCH3,0.00030599956012336533
Mordred_GGI2,0.0003048464475103051
Mordred_LogEE_Dzpe,0.00030432295461785985
Mordred_VE2_D,0.00029840340450757027
Mordred_VE1_D,0.0002971874684951363
Mordred_Xp-3d,0.00029664036108615493
Mordred_piPC1,0.0002943399303368453
Mordred_AATSC5p,0.00029343327173558646
Mordred_AATSC0v,0.00029272385926852433
Mordred_ATS1Z,0.0002926973872989165
Mordred_Zagreb1,0.00029068693036837155
Mordred_MAXdsCH,0.0002853493447628199
Mordred_LabuteASA,0.00028398934465156446
Mordred_n10FaHRing,0.0002837096499386176
Mordred_VR3_DzZ,0.000281078987135309
Mordred_nG12FRing,0.00027980776710142305
Mordred_MWC04,0.00027884032431853685
Mordred_mZagreb2,0.00027839113988211046
Mordred_C1SP3,0.000276393215288492
Mordred_AETA_eta,0.00027438541784686706
Mordred_SpAbs_Dzse,0.0002743613178020057
Mordred_VSA_EState9,0.0002743097693938486
Mordred_ATS2Z,0.0002731594723225397
Mordred_SpMax_Dzm,0.0002714289788967936
Mordred_n10FHRing,0.00027052008926078686
Mordred_ETA_beta_ns_d,0.0002704014281357316
Mordred_PEOE_VSA12,0.00026786946263852174
Mordred_ETA_eta_RL,0.00026569349257677636
Mordred_MDEC-11,0.0002649477083036562
Mordred_NsssN,0.0002632062693673976
Mordred_SRW06,0.00026309867573170775
Mordred_VR1_DzZ,0.0002629151218625043
Mordred_Xp-1d,0.0002627912685697217
Mordred_TopoShapeIndex,0.0002566587394064666
Mordred_nBondsS,0.0002562945034072117
Mordred_MPC3,0.00025322333550124713
Mordred_MAXssssC,0.0002517392763257251
Mordred_MAXaaN,0.00025154714950783945
Mordred_n5aRing,0.0002492050656998829
Mordred_nX,0.00024839952959158045
Mordred_GGI1,0.0002439020747417784
Mordred_MWC02,0.00024267912378786547
Mordred_n10FRing,0.0002417005020590036
Mordred_VE3_Dzare,0.00024143451773204886
Mordred_VR3_Dzpe,0.00024132630562028362
Mordred_NdsCH,0.00024007485484046003
Mordred_nFAHRing,0.00023967562002347986
Mordred_EState_VSA1,0.0002388891686385609
Mordred_SdsCH,0.00023880815426987397
Mordred_VR3_D,0.0002342228046073127
Mordred_MAXaaO,0.0002295952579733469
Mordred_MINaaN,0.00022753585299196998
Mordred_MINssS,0.00022688838364118147
Mordred_SpMax_Dzi,0.0002204824971106854
Mordred_MDEO-22,0.00021991028950553166
Mordred_n10FAHRing,0.00021690251022683885
Mordred_VE3_Dzv,0.00021662063773117987
Mordred_ETA_eta_B,0.0002148768023043198
Mordred_PetitjeanIndex,0.0002139872137266858
Mordred_NssNH,0.00021225142107832347
Mordred_Xc-6dv,0.0002108433631636333
Mordred_WPol,0.00020556557475536112
Mordred_MDEN-22,0.00020387780915307653
Mordred_SZ,0.00020341231010106864
Mordred_MINaaO,0.00020316411168674225
Mordred_MPC2,0.00019902795907904131
Mordred_VE1_Dzare,0.00019784144731623048
Mordred_MDEC-14,0.0001948298379625058
Mordred_SssNH,0.0001945430558707096
Mordred_NssS,0.00019358406653436993
Mordred_MDEN-33,0.00019229535960497274
Mordred_VE3_Dzpe,0.00018452342712861738
Mordred_VR3_Dzv,0.00018440804737430118
Mordred_MAXssNH,0.0001831369821375155
Mordred_n5aHRing,0.00018270018324182538
Mordred_SaaO,0.00018172511976757293
Mordred_Xp-0d,0.0001802388224423762
Mordred_NssO,0.0001798011567938588
Mordred_SpAbs_Dzare,0.00017900812278805227
Mordred_n4ARing,0.00017823459787031138
Mordred_n10FaRing,0.0001749690356625411
Mordred_SlogP_VSA10,0.00017359743842736977
Mordred_MAXssS,0.00017239883787412955
Mordred_VE3_Dt,0.00017067457560010832
Mordred_Xp-1dv,0.0001698946926378284
Mordred_n9FARing,0.00016634105962038388
Mordred_nS,0.00015950942334712966
Mordred_NaaaC,0.00015811505180216316
Mordred_SssS,0.0001550763907997264
Mordred_SRW04,0.0001540315213973426
Mordred_nFaRing,0.0001539919569465225
Mordred_SssssC,0.00014825453178565344
Mordred_MINsF,0.00014295813031763474
Mordred_NsCH3,0.00014157145902186425
Mordred_VAdjMat,0.00013040537299600864
Mordred_nFaHRing,0.00011866305567358214
Mordred_GhoseFilter,0.0001097701139769437
Mordred_SsNH2,0.00010797284185316078
Mordred_nG12FHRing,0.00010790251637342534
Mordred_NsF,0.00010632386314458312
Mordred_nBondsT,0.00010522296903947166
Mordred_MINssssC,0.00010356958740421504
Mordred_nG12FaRing,0.0001014581261128722
Mordred_n4HRing,0.00010132655109069972
Mordred_PEOE_VSA4,0.00010070919610941864
Mordred_nG12FARing,9.634369064205006e-05
Mordred_nHeavyAtom,9.539760279856712e-05
Mordred_MDEC-44,9.238313065683409e-05
Mordred_NtsC,9.192173041995899e-05
Mordred_NssssC,9.045589742519407e-05
Mordred_MWC01,8.949612097976876e-05
Mordred_SdS,8.826976999004753e-05
Mordred_MAXsNH2,8.749167348479875e-05
Mordred_nBondsO,8.645658194992374e-05
Mordred_MDEN-12,8.15817508788169e-05
Mordred_SRW02,8.114808823352505e-05
Mordred_SaaS,8.001452915590152e-05
Mordred_n11FARing,7.639359041255626e-05
Mordred_SsCl,7.253070091076526e-05
Mordred_n10FARing,6.955247855595505e-05
Mordred_C1SP1,6.926872644810366e-05
Mordred_StsC,6.690411458724981e-05
Mordred_MINsNH2,6.633606683529707e-05
Mordred_MINsBr,6.351796117728653e-05
Mordred_NaaO,6.32104225704345e-05
Mordred_nRing,6.248059666353176e-05
Mordred_SddsN,6.193088273146686e-05
Mordred_MAXaaS,6.128333499246876e-05
Mordred_MINtsC,5.867823209240363e-05
Mordred_StN,5.7467293161652435e-05
Mordred_n7HRing,5.606267738636352e-05
Mordred_nAcid,5.52068229123932e-05
Mordred_Xch-4d,5.359678848619149e-05
Mordred_n4AHRing,5.3554247907684685e-05
Mordred_nCl,4.9556253604797086e-05
Mordred_MAXddssS,4.950062370415998e-05
Mordred_MAXsBr,4.949283764997339e-05
Mordred_SddssS,4.888468318149131e-05
Mordred_Xch-4dv,4.859187942530621e-05
Mordred_SMR_VSA2,4.289756902039143e-05
Mordred_n11FHRing,4.244549443731545e-05
Mordred_NsNH2,4.1489890566707776e-05
Mordred_MAXsCl,4.1139403492604604e-05
Mordred_MINaaS,4.089463587948216e-05
Mordred_NdS,3.896976855956071e-05
Mordred_MINddssS,3.798856286043135e-05
Mordred_MINsCl,3.6207697600168096e-05
Mordred_NtN,3.494803929305211e-05
Mordred_SsBr,3.4860893556476744e-05
Mordred_MAXdS,3.463313319080965e-05
Mordred_n11FAHRing,3.358191895253426e-05
Mordred_nG12FAHRing,3.303012278458398e-05
Mordred_NddsN,3.278766764100975e-05
Mordred_NsCl,3.1519281291702714e-05
Mordred_NaaS,3.0496542690018064e-05
Mordred_n7AHRing,2.940974457386306e-05
Mordred_nG12FaHRing,2.8949289733682823e-05
Mordred_n11FRing,2.8639370907892122e-05
Mordred_MAXtsC,2.7028020369098606e-05
Mordred_MDEN-13,2.6489373363188944e-05
Mordred_MAXdsN,2.5774086835654462e-05
Mordred_NddssS,2.4714069150413647e-05
Mordred_NsBr,2.463153112801582e-05
Mordred_ETA_dAlpha_A,2.4363532100065686e-05
Mordred_MAXtN,2.2848260093837037e-05
Mordred_SdsN,2.1612983908442712e-05
Mordred_n7Ring,2.0715555333070098e-05
Mordred_SlogP_VSA7,2.052843226636121e-05
Mordred_nG12Ring,1.900875758937231e-05
Mordred_MINdS,1.809913110370024e-05
Mordred_MINdNH,1.6668924132326727e-05
Mordred_MINdsN,1.484121747663461e-05
Mordred_MDEN-11,1.4735899777196153e-05
Mordred_Xch-3d,1.326108909564368e-05
Mordred_n8FRing,1.2279733971497323e-05
Mordred_C2SP1,1.091898109623779e-05
Mordred_MINtN,1.0811692372567632e-05
Mordred_n8FHRing,1.0566573851538139e-05
Mordred_Xch-3dv,1.0463885667866535e-05
Mordred_n4Ring,9.840832590124864e-06
Mordred_SdNH,9.226909831673165e-06
Mordred_MINtCH,8.792033847300003e-06
Mordred_nSpiro,7.891215749443487e-06
Mordred_nG12ARing,7.496820966699866e-06
Mordred_nBr,7.182807521884294e-06
Mordred_nP,6.340238543257131e-06
Mordred_n9FAHRing,4.9806901625716855e-06
Mordred_StCH,4.7607642675155655e-06
Mordred_n7ARing,4.676205096920944e-06
Mordred_NtCH,4.471903536821493e-06
Mordred_MAXdsssP,4.316619778071018e-06
Mordred_NdsN,4.288405018963925e-06
Mordred_MINddsN,4.097288412545324e-06
Mordred_SdCH2,3.7924946820458703e-06
Mordred_n3ARing,3.59053271225157e-06
Mordred_n8FARing,3.2437374629510093e-06
Mordred_MAXddsN,3.143761966828323e-06
Mordred_MAXdNH,2.795151034685389e-06
Mordred_n12FAHRing,2.7737804551915522e-06
Mordred_SdsssP,2.444354584376037e-06
Mordred_MINdCH2,2.258629867612417e-06
Mordred_NdCH2,2.087036749263771e-06
Mordred_n8FaHRing,2.0378389534449637e-06
Mordred_MAXdCH2,2.000497848694612e-06
Mordred_n3Ring,1.90957467508138e-06
Mordred_n6FRing,1.7046313102698552e-06
Mordred_SRW03,1.5606284805677718e-06
Mordred_nG12HRing,1.4306561402220853e-06
Mordred_nBridgehead,1.404152571515256e-06
Mordred_NdNH,1.1347526627420728e-06
Mordred_n7FAHRing,7.521638736188044e-07
Mordred_n8FAHRing,6.14608121855898e-07
Mordred_n12FRing,6.080727655815162e-07
Mordred_n6FHRing,5.434321020759586e-07
Mordred_nG12AHRing,4.860521810839551e-07
Mordred_n6FARing,4.368355433440252e-07
Mordred_n7FARing,4.334145832106669e-07
Mordred_n7FRing,4.2670758514133974e-07
Mordred_n8ARing,4.173090213542854e-07
Mordred_NdsssP,4.1129606173537017e-07
Mordred_MINssssB,3.9759726603743726e-07
Mordred_SsSH,3.325980073258426e-07
Mordred_n12FHRing,3.184748068979056e-07
Mordred_SsI,2.2219239947629965e-07
Mordred_MAXssssB,1.8340091177041483e-07
Mordred_ETA_dPsi_B,1.5195041784149564e-07
Mordred_n8FaRing,1.2922889247854024e-07
Mordred_NsssB,1.217576779385109e-07
Mordred_SssssSi,9.68276008717791e-08
Mordred_MAXtCH,7.286843554835264e-08
Mordred_NsSH,2.461967456481133e-08
Mordred_n12FARing,1.6708232900846877e-08
Mordred_n7FHRing,2.8138434507787858e-21
Mordred_NssssB,0.0
Mordred_MINssssSi,0.0
Mordred_MINsSH,0.0
Mordred_MINdsssP,0.0
Mordred_MAXsSH,0.0
Mordred_n8AHRing,0.0
Mordred_n3AHRing,0.0
Mordred_n8HRing,0.0
Mordred_n7aRing,0.0
Mordred_SssssN,0.0
Mordred_NssssN,0.0
Mordred_n8Ring,0.0
Mordred_n3HRing,0.0
Mordred_MAXssssSi,0.0
Mordred_n6FAHRing,0.0
Mordred_NssssSi,0.0
Mordred_SssssB,0.0
Mordred_SsssB,0.0
Mordred_NsI,0.0
Mordred_nI,0.0
Mordred_nB,0.0
