MoleculeID,SMILES,Target,y_true,y_pred,error,abs_error,MaxTrainTanimoto
CHEMBL3828208,CN1CCN(CCOc2ccc(-n3c4c(c5ccc(O)cc5c3=O)C(=O)c3cc(O)ccc3-4)cc2)CC1,4.97469413473523,4.97469413473523,5.698639833688202,0.7239456989529724,0.7239456989529724,0.8596491228070176
CHEMBL3774774,Cc1c(O)ccc2c1CCN(CC(C)C)[C@@H]2c1ccc(/C=C/C(=O)O)cc1,6.214670164989233,6.214670164989233,6.870067396731608,0.6553972317423753,0.6553972317423753,0.7
CHEMBL5071091,Cn1cc(NC(=O)c2cc(NC(=O)CCS(C)(=O)=O)cn2C)cc1C(=O)NCC(=O)NCCCCCC[C@@H]1Cc2cc(O)ccc2[C@H]2CC[C@]3(C)[C@@H](O)CC[C@H]3[C@H]12,9.00436480540245,9.00436480540245,8.22954664664176,-0.7748181587606897,0.7748181587606897,0.9090909090909091
CHEMBL5094540,CCC(=C(c1ccc(O)cc1)c1ccc(/C=C/C(=O)NCCCCCCNC(=O)CCc2nc3cc(O)ccc3[nH]2)cc1)c1ccccc1,8.467245621007502,8.467245621007502,8.03640705064809,-0.43083857035941087,0.43083857035941087,1.0
CHEMBL1580991,CCN1CCc2nc(NC(=O)Cc3ccc4c(c3)OCCO4)sc2C1,4.540944824610763,4.540944824610763,4.780891560034128,0.23994673542336464,0.23994673542336464,0.41333333333333333
CHEMBL3774642,CCCCCCCCCC(=O)Oc1ccc(/C(=C(/C)c2ccccc2)c2ccc(OCCN3CCCCC3)cc2)cc1,7.091514981121351,7.091514981121351,7.453015827090183,0.36150084596883136,0.36150084596883136,0.8571428571428571
CHEMBL6162320,COc1ccc2cc([C@H](C)C(=O)N3CCC(C(=O)NCCSSCCN(C)C)CC3)ccc2c1,4.619788758288394,4.619788758288394,6.227561417719749,1.6077726594313555,1.6077726594313555,0.5342465753424658
CHEMBL1548834,O=C(COC(=O)c1ccccc1Oc1ccccc1)NCc1ccco1,4.746795308640558,4.746795308640558,4.889420049055239,0.1426247404146812,0.1426247404146812,0.5925925925925926
CHEMBL4799234,C[C@@H]1Cc2c(ccc3[nH]ncc23)[C@@H](c2ncc(NC3CN(CCCF)C3)cc2F)N1CC(F)(F)CF,8.698970004336019,8.698970004336019,8.326426668843805,-0.37254333549221386,0.37254333549221386,0.8961038961038961
CHEMBL1577029,O=C(Nc1cccc(-c2cn3cccnc3n2)c1)c1ccc2c(c1)OCO2,5.175600132651802,5.175600132651802,4.8152170339073095,-0.36038309874449226,0.36038309874449226,0.4492753623188406
CHEMBL1088631,Oc1ccc2c(c1)O[C@@H](c1ccc(OCCN3CCCCC3)cc1)C1=C2CCOc2cc(O)ccc21,8.468521082957745,8.468521082957745,8.380869725455806,-0.08765135750193842,0.08765135750193842,1.0
CHEMBL1458486,O=C(COC(=O)CCC(=O)c1cccs1)NCc1ccco1,4.9233191502567415,4.9233191502567415,4.7095774596939055,-0.21374169056283598,0.21374169056283598,0.5818181818181818
CHEMBL1784261,C=C1CC[C@@H](O)[C@]2(C)CC[C@@](O)(C(C)C)[C@H](O)[C@@H]12,2.552841968657781,2.552841968657781,5.9713412064123474,3.4184992377545664,3.4184992377545664,0.24193548387096775
CHEMBL1341814,Cc1cc(-c2nn3c(-c4ccccc4)nnc3s2)c2ccccc2n1,4.666498517649502,4.666498517649502,5.490842524605753,0.8243440069562515,0.8243440069562515,0.36923076923076925
CHEMBL3657171,N#Cc1c(-c2ccc(O)cc2)n(Cc2ccc(OCCN3CCCCC3)cc2)c2ccc(O)cc12,7.958607314841775,7.958607314841775,7.597394635367508,-0.3612126794742663,0.3612126794742663,1.0
CHEMBL219134,CCCCCCCCCCCc1c(O)cc(O)c2c1O[C@H](c1ccc(O)cc1)CC2=O,5.992679047077256,5.992679047077256,6.875229802807282,0.8825507557300263,0.8825507557300263,1.0
CHEMBL183371,CC1(C)CCCN1CCOc1ccc([C@@H]2Oc3ccc(O)cc3S[C@@H]2c2ccc(O)cc2)cc1,9.045757490560677,9.045757490560677,8.600649202015259,-0.44510828854541806,0.44510828854541806,0.7258064516129032
CHEMBL3657181,Cc1c(-c2ccc(O)cc2)n(Cc2ccc(OCCN3CC4CCC3C4)cc2)c2ccc(O)cc12,9.0,9.0,8.14926923864232,-0.8507307613576796,0.8507307613576796,0.6811594202898551
CHEMBL456594,N=C(N)N/N=C/C1=C(Cl)c2ccccc2CCC1,4.795880017344075,4.795880017344075,5.4978292750490025,0.7019492577049276,0.7019492577049276,0.8536585365853658
CHEMBL385358,CC1=C2c3ccc4[nH]ncc4c3CC2(Cc2ccc(F)cc2)CCC1=O,7.086186147616283,7.086186147616283,6.386360304988834,-0.6998258426274493,0.6998258426274493,0.8214285714285714
CHEMBL1320651,COC(=O)c1ccc2c(=O)n(CCCCCC(=O)NCc3ccc4c(c3)OCO4)c(=O)[nH]c2c1,4.829795216126643,4.829795216126643,5.6151419958323325,0.7853467797056899,0.7853467797056899,0.618421052631579
CHEMBL1972915,Cc1nn(-c2ccccc2)c(Cl)c1/C=N/Nc1ccc(S(=O)(=O)Nc2ccccc2C(=O)O)cc1[N+](=O)[O-],5.165232889130726,5.165232889130726,5.933537768106242,0.768304878975516,0.768304878975516,0.24444444444444444
CHEMBL5425697,C[C@@H]1Cc2c([nH]c3ccccc23)[C@@H](c2c(F)cc(OCCNCCCF)cc2F)N1CC1(F)COC1,8.899974269892137,8.899974269892137,8.281336244993224,-0.6186380248989138,0.6186380248989138,0.8
CHEMBL235496,COC(=O)C1=C(N)Oc2cc(O)ccc2C1c1ccc(OCc2ccccc2F)cc1,7.275724130399211,7.275724130399211,6.353602273346968,-0.9221218570522431,0.9221218570522431,0.6935483870967742
CHEMBL185231,Oc1ccc([C@H]2Sc3cc(O)ccc3O[C@H]2c2ccc(OCCN3C[C@H]4CCCC[C@H]4C3)cc2)cc1,9.0,9.0,8.862680616516272,-0.13731938348372807,0.13731938348372807,0.9636363636363636
CHEMBL3623004,C[C@@H]1Cc2c([nH]c3ccccc23)[C@@H](c2c(F)cc(/C=C/C(=O)O)cc2F)N1CC(C)(C)F,9.361088088659065,9.361088088659065,8.080064035471501,-1.2810240531875632,1.2810240531875632,0.7727272727272727
CHEMBL203122,CC(C)c1nc2cc(O)cc(O)c2c(=O)n1-c1ccc(O)cc1,4.152433509857411,4.152433509857411,5.318713542756525,1.166280032899114,1.166280032899114,0.625
CHEMBL4802956,OCCC/C(=C(\c1ccc(O)cc1)c1ccc(OCCN2CCCC2)cc1)c1ccccc1,6.3221449923399575,6.3221449923399575,6.469085094209312,0.14694010186935458,0.14694010186935458,1.0
CHEMBL340111,Oc1ccc([C@H]2Sc3cc(O)ccc3O[C@H]2c2ccc(CN3CCCCC3)cc2)cc1,6.809668301829708,6.809668301829708,8.436567359154223,1.6268990573245148,1.6268990573245148,0.7777777777777778
CHEMBL1407483,CC1=C(SCCC#N)S/C(=C2\SC(C)=C(SCCC#N)S2)S1,5.292039134652153,5.292039134652153,5.655041683143758,0.36300254849160485,0.36300254849160485,0.16176470588235295
CHEMBL5085956,CCC(=C(c1ccc(O)cc1)c1ccc(/C=C/C(=O)NCCNC(=O)CCc2nc3cc(OC)ccc3[nH]2)cc1)c1ccccc1,8.560667306169737,8.560667306169737,8.01812947436397,-0.5425378318057668,0.5425378318057668,0.9459459459459459
CHEMBL3193600,Cc1nc2ccccc2c(=O)n1/N=C/c1c(O)ccc2oc3c(c12)CCCC3,4.535128935851023,4.535128935851023,5.036911521901945,0.501782586050922,0.501782586050922,0.27848101265822783
CHEMBL92660,Oc1ccc([C@@H]2Sc3c(ccc(O)c3Cl)O[C@@H]2c2ccc(OCCN3CCCCC3)cc2)cc1,8.619788758288394,8.619788758288394,8.332936290549842,-0.28685246773855155,0.28685246773855155,0.8032786885245902
CHEMBL3991351,CCN(CC)CCOc1ccc(/C(=C(/CCCO)c2ccccc2)c2ccc(O)cc2)cc1,6.057991946977687,6.057991946977687,6.638846218871692,0.5808542718940055,0.5808542718940055,0.76
CHEMBL205577,Cc1nc2cc(O)cc(O)c2c(=O)n1-c1ccc(O)cc1,4.4782344741229165,4.4782344741229165,5.132851227877531,0.6546167537546141,0.6546167537546141,0.6666666666666666
CHEMBL371305,CC(=O)c1cc(-c2ccc(O)c(F)c2)nc2ccc(O)cc12,5.4723700991286615,5.4723700991286615,5.774040455455727,0.3016703563270653,0.3016703563270653,0.7380952380952381
CHEMBL1084128,CCN(CC)CCOc1ccc([C@H]2Oc3ccccc3C3=C2c2ccc(O)cc2OCC3)cc1,8.301029995663981,8.301029995663981,7.646975465601735,-0.654054530062246,0.654054530062246,0.8387096774193549
CHEMBL1323006,Cc1noc(C)c1COc1ccc(C(=O)OCC(=O)N2c3ccccc3NC(=O)C2(C)C)cc1,5.058680414847639,5.058680414847639,5.434872474412741,0.3761920595651018,0.3761920595651018,0.25
CHEMBL57150,OC[C@@]12CC=C[C@@H](C1)[C@H](c1ccc(O)cc1)CC2,6.259637310505756,6.259637310505756,5.980418232991257,-0.27921907751449915,0.27921907751449915,0.39622641509433965
CHEMBL1528123,Cc1ccc(S(=O)(=O)Cc2ccc(C(=O)NCc3ccc4c(c3)OCO4)o2)cc1,4.426029653584324,4.426029653584324,4.805932220665788,0.37990256708146397,0.37990256708146397,0.45454545454545453
CHEMBL418327,Oc1ccc(C2=C(c3ccc(OCCN4CCCCC4)cc3)Oc3ccc(O)cc3S2)cc1,8.795880017344075,8.795880017344075,8.230102424299956,-0.5657775930441193,0.5657775930441193,0.5538461538461539
CHEMBL1088343,COc1ccc2c(c1)OCCC1=C2[C@@H](c2ccc(OCCN3CCCCC3)cc2)Oc2cc(O)ccc21,8.236572006437063,8.236572006437063,8.193787733091376,-0.042784273345686685,0.042784273345686685,1.0
CHEMBL1433062,COc1ccc(OC)c(N2C(=O)[C@@H]3C(c4ccccc4Cl)=NO[C@@H]3C2=O)c1,5.009444052240168,5.009444052240168,4.944196863377261,-0.06524718886290692,0.06524718886290692,0.3076923076923077
CHEMBL440757,C#Cc1cc(-c2ccc(O)cc2)nc2ccc(O)cc12,5.823908740944319,5.823908740944319,6.323510038641527,0.4996012976972084,0.4996012976972084,0.7317073170731707
CHEMBL369545,CC[C@H](COc1ccc([C@@H]2Oc3ccc(O)cc3S[C@@H]2c2ccc(O)cc2)cc1)N1CCCC1,9.154901959985745,9.154901959985745,8.86153011231868,-0.29337184766706415,0.29337184766706415,0.8
CHEMBL417126,C[C@H]1C(=O)c2ccc(O)cc2O[C@@H]1c1ccc(OCCN2CCCCC2)cc1,5.849243560139691,5.849243560139691,5.790089577516102,-0.05915398262358895,0.05915398262358895,0.7931034482758621
CHEMBL4745512,CC/C(=C(/c1ccc(/C=C/C(=O)O)cc1)c1cc2ccccc2[nH]1)c1cccc(C(F)(F)F)c1,8.756961951313706,8.756961951313706,8.41839937763158,-0.3385625736821254,0.3385625736821254,0.7704918032786885
CHEMBL381495,CCCCC12CCC(=O)C(C)=C1c1ccc(O)cc1C2,6.200659450546418,6.200659450546418,6.295984330675111,0.09532488012869322,0.09532488012869322,1.0
CHEMBL4743379,CC/C(=C(/c1ccc(/C=C/C(=O)O)cc1)c1cc2ccccc2[nH]1)c1ccc(Cl)cc1,8.7594507517174,8.7594507517174,8.633023560888185,-0.12642719082921516,0.12642719082921516,0.8103448275862069
CHEMBL1419810,Cc1occc1C(=O)NCc1cccc(CNC(=O)c2ccoc2C)c1,4.705975567939453,4.705975567939453,4.914564182179414,0.2085886142399609,0.2085886142399609,0.4489795918367347
CHEMBL245575,C[C@]12CC[C@H]3[C@@H](CC=C4[C@H]5CC[C@]43CC[C@H]5O)[C@@H]1CC[C@@H]2O,5.089642442727122,5.089642442727122,6.266311399312991,1.1766689565858686,1.1766689565858686,1.0
CHEMBL4763298,CC/C(=C(/c1ccc(/C=C/C(=O)O)cc1)c1cc2ccccc2[nH]1)c1cc(Cl)ccc1Cl,8.853871964321762,8.853871964321762,8.681976949400532,-0.17189501492122972,0.17189501492122972,0.864406779661017
CHEMBL3657149,Cc1c(-c2ccc(O)cc2)n(Cc2ccc(OCCN3CCCCC3C)cc2)c2ccc(O)cc12,7.698970004336019,7.698970004336019,7.544857437240539,-0.1541125670954795,0.1541125670954795,0.7936507936507936
CHEMBL577938,N#Cc1c(-c2ccccc2)cc(-c2ccco2)c(C#N)c1N,4.475597256416418,4.475597256416418,6.214533044199187,1.7389357877827685,1.7389357877827685,0.2878787878787879
CHEMBL93705,Oc1cccc([C@H]2Sc3cc(O)ccc3O[C@H]2c2ccc(OCCN3CCCCC3)cc2)c1,8.39257807597615,8.39257807597615,8.529414464643056,0.1368363886669055,0.1368363886669055,1.0
CHEMBL184360,Oc1ccc([C@H]2Sc3cc(O)ccc3O[C@H]2c2ccc(OCCN3C4CCCC3CCC4)cc2)cc1,9.221848749616356,9.221848749616356,8.576017678880003,-0.645831070736353,0.645831070736353,0.9245283018867925
CHEMBL5090940,CC(C)(F)CN1CCc2cc(O)ccc2C1c1ccc(OCCCCCCC(=O)NO)cc1,7.041914151478915,7.041914151478915,7.175017069034748,0.13310291755583314,0.13310291755583314,1.0
CHEMBL4218756,CC1(C)CC(=O)C2=C(C1)OC1=C(C(=O)CCC1(C)C)C2c1cc2ccccc2n1Cc1ccccc1,3.2312213491781567,3.2312213491781567,4.633753613532887,1.4025322643547304,1.4025322643547304,0.8225806451612904
CHEMBL4755319,CC/C(=C(/c1ccc(O)cc1)c1ccc(/C=C/C(=O)NCCCCCNC(=O)/C=C/c2ccc(/C(=C(\CC)c3ccccc3)c3ccc(O)cc3)cc2)cc1)c1ccccc1,8.453457336521868,8.453457336521868,7.98479751324082,-0.4686598232810484,0.4686598232810484,0.9777777777777777
CHEMBL196530,Oc1ccc(-c2ccc3c(Cl)c(O)ccc3n2)cc1,6.199282921717615,6.199282921717615,6.443811672584892,0.24452875086727666,0.24452875086727666,0.5526315789473685
CHEMBL1083187,O=C(O)CCOc1ccc([C@H]2Oc3cc(O)ccc3C3=C2c2ccc(O)cc2OCC3)cc1,6.920818753952375,6.920818753952375,6.8168898565702145,-0.10392889738216038,0.10392889738216038,1.0
CHEMBL1431555,CC(=O)c1ccc(NCC(=O)N2CCN(c3ccccc3)CC2)cc1,5.299438187101623,5.299438187101623,5.080987242419722,-0.2184509446819014,0.2184509446819014,0.36231884057971014
CHEMBL208978,CCCCC12CCC(=O)C(C(F)(F)F)=C1c1ccc(O)cc1C2,6.892790030352131,6.892790030352131,6.231581282543707,-0.6612087478084243,0.6612087478084243,0.7307692307692307
CHEMBL195991,CCN(CC)CCOc1ccc(Cn2c3ccccc3c3sc4cc(O)ccc4c32)cc1,7.241088107602026,7.241088107602026,7.430157501518886,0.18906939391685995,0.18906939391685995,0.8620689655172413
CHEMBL4227881,CC(=O)/C=C/c1ccc(C2=C(c3ccc(O)cc3)CCOc3cc(F)ccc32)cc1,7.229147988357855,7.229147988357855,7.1780065818608465,-0.05114140649700882,0.05114140649700882,0.8333333333333334
CHEMBL1467399,CC(=O)c1c(COC(=O)c2ccco2)nc2ccccc2[n+]1[O-],4.534063330162815,4.534063330162815,4.731846909817266,0.19778357965445093,0.19778357965445093,0.2903225806451613
CHEMBL3427387,COc1cccc(-c2c(Cc3ccc(/C=C/C(=O)O)cc3)c3ccc(O)cc3oc2=O)c1,7.387216143280264,7.387216143280264,7.903436897598345,0.5162207543180815,0.5162207543180815,0.819672131147541
CHEMBL437065,C#C[C@]12CC[C@H](O)CC1=CCC1C2CC[C@@]2(C)C1CC[C@@H]2O,6.371611069949688,6.371611069949688,6.044552501478808,-0.3270585684708802,0.3270585684708802,0.7021276595744681
CHEMBL6151266,O=C(c1ccc(Cl)cc1)c1c(-c2ccc(O)cc2)sc2cc(O)ccc12,9.744727494896694,9.744727494896694,7.255201766253406,-2.4895257286432875,2.4895257286432875,0.85
CHEMBL240438,Cc1c([C@H](C)NC(=O)Cc2c(-c3ccccc3)[nH]c3ccccc23)n(Cc2ccc(OCCN3CCCCC3)cc2)c2ccc(O)cc12,8.698970004336019,8.698970004336019,7.89178324691676,-0.8071867574192586,0.8071867574192586,0.8255813953488372
CHEMBL211887,CC[C@@]12CCC(=O)C(Cl)=C1c1ccc3[nH]nc(F)c3c1C2,7.086186147616283,7.086186147616283,6.050136416295077,-1.0360497313212065,1.0360497313212065,0.75
CHEMBL1511067,Cc1cc(C)n2nc(SCc3cc(=O)oc4cc(O)ccc34)nc2n1,4.99433225248268,4.99433225248268,4.860715216314319,-0.13361703616836085,0.13361703616836085,0.31746031746031744
CHEMBL5074047,CCC(CCc1c[nH]cn1)=C(c1ccc(O)cc1)c1ccc(O)cc1,6.705533773838407,6.705533773838407,6.797427477859935,0.09189370402152797,0.09189370402152797,0.7073170731707317
CHEMBL1613068,Brc1ccc(-c2nnc(-c3cccnc3)c3conc23)cc1,5.179063293619281,5.179063293619281,5.464906629697563,0.2858433360782815,0.2858433360782815,0.20967741935483872
CHEMBL211870,CCC12CCC(=O)C(Br)=C1c1ccc3[nH]nc(F)c3c1C2,6.705533773838407,6.705533773838407,6.01173234042805,-0.693801433410357,0.693801433410357,0.75
CHEMBL1313979,O=C(Nc1ccc2c(c1)nc1n2CCSC1)c1ccco1,4.838440650838761,4.838440650838761,4.86758671803893,0.02914606720016888,0.02914606720016888,0.4032258064516129
CHEMBL3775833,C[C@H](CF)CN1[C@H](c2ccc(/C=C/C(=O)O)cc2)c2ccc(O)cc2CC1(C)C,8.130768280269024,8.130768280269024,7.69344441746357,-0.4373238628054539,0.4373238628054539,0.8305084745762712
CHEMBL362272,COc1cc(O)c(Br)c2cc(-c3ccc(O)c(F)c3)oc12,6.474955192963154,6.474955192963154,6.232304310753729,-0.24265088220942577,0.24265088220942577,0.7272727272727273
CHEMBL6170792,CC/C(=C(/c1ccc(/C=C/C(=O)O)cc1)c1ccc(-n2cccn2)cc1)c1ccc(F)cc1Cl,6.589560213789653,6.589560213789653,7.248985192894718,0.659424979105065,0.659424979105065,0.6923076923076923
CHEMBL298398,O=C1c2ccc(O)cc2C(=O)c2ccc(O)cc21,5.958607314841775,5.958607314841775,6.172385398153574,0.2137780833117997,0.2137780833117997,0.5333333333333333
CHEMBL522990,CN(c1ccccc1C(=O)O)S(=O)(=O)c1ccc2c3c(cccc13)C(=O)N2,4.728492487425712,4.728492487425712,5.397511636544317,0.669019149118605,0.669019149118605,0.23880597014925373
CHEMBL5075366,CCC(=C(c1ccc(O)cc1)c1ccc(/C=C/C(=O)NCCCCNC(=O)CCc2nc3cc(OC)ccc3[nH]2)cc1)c1ccccc1,8.653647025549361,8.653647025549361,7.941916325735242,-0.7117306998141189,0.7117306998141189,0.9864864864864865
CHEMBL2403351,CCCCC(CCCC)(c1ccc(O)c(CC)c1)c1ccc(O)c(CC)c1,5.537602002101044,5.537602002101044,6.964123521911397,1.4265215198103522,1.4265215198103522,0.6875
CHEMBL203348,Cc1c(O)c(Cl)c(C)c2c1c(=O)oc1c(Cl)c(O)ccc12,6.224025668870631,6.224025668870631,5.975393564106387,-0.24863210476424413,0.24863210476424413,0.6666666666666666
CHEMBL5269729,O=C(C1=C(O)C(=O)N(c2ccc(O)c(C(=O)O)c2)C1c1ccc([N+](=O)[O-])cc1)c1ccc(Cl)cc1,5.920818753952375,5.920818753952375,5.682365468862672,-0.23845328508970276,0.23845328508970276,0.8421052631578947
CHEMBL5918557,C[C@@H]1Cc2c(ccc3[nH]ncc23)[C@@H](c2ccc(N(C)C3CN(CCCF)C3)cn2)N1CC(F)F,8.387216143280265,8.387216143280265,8.319689991828216,-0.06752615145204821,0.06752615145204821,0.821917808219178
CHEMBL204024,Cc1cc(O)cc2c1-c1ccc(O)c(C)c1OC2CC(C)C,6.202732459169283,6.202732459169283,6.332637438608903,0.12990497943961987,0.12990497943961987,0.7555555555555555
CHEMBL3623002,CC(C)CN1[C@H](c2c(F)cc(/C=C/C(=O)O)cc2F)c2[nH]c3ccccc3c2C[C@H]1C,9.15002808767115,9.15002808767115,7.893114769631594,-1.2569133180395555,1.2569133180395555,0.75
CHEMBL4763497,CC/C(=C(/c1ccc(/C=C/C(=O)O)cc1)c1cc2ccccc2[nH]1)c1ccccc1Cl,9.356547323513812,9.356547323513812,8.754779553098466,-0.6017677704153463,0.6017677704153463,0.8771929824561403
CHEMBL370849,Oc1ccc2c(c1)sc1c3cc(O)ccc3n(Cc3ccc(OCCN4CCCC4)cc3)c21,8.221848749616356,8.221848749616356,8.085623431247,-0.13622531836935536,0.13622531836935536,0.9814814814814815
CHEMBL4524860,CCCC(CCC)(c1ccc(O)c(C)c1)c1ccc(OCCC(C)C)c(C)c1,6.795880017344075,6.795880017344075,7.232458677859271,0.4365786605151962,0.4365786605151962,0.6956521739130435
CHEMBL183584,C[C@@H]1CCN(CCOc2ccc([C@@H]3Oc4ccc(O)cc4S[C@@H]3c3ccc(O)cc3)cc2)C1,8.522878745280337,8.522878745280337,8.851516262307452,0.32863751702711497,0.32863751702711497,0.8333333333333334
CHEMBL92720,COc1ccc(C2Sc3cc(O)ccc3OC2c2ccc(OCCN3CCCCC3)cc2)cc1,7.386158178123931,7.386158178123931,7.935188892367502,0.5490307142435711,0.5490307142435711,0.8928571428571429
CHEMBL6048041,COC[C@](C)(F)CN1[C@H](c2ccc(OC3CN(CCCF)C3)cc2OC)c2ccc3[nH]ncc3c2C[C@H]1C,8.537860356969059,8.537860356969059,8.034008290980879,-0.5038520659881804,0.5038520659881804,0.7831325301204819
CHEMBL4596457,OCCC/C(=C(\c1ccc(O)cc1)c1ccc(N2CCN(C3CCCCC3)CC2)cc1)c1ccccc1,5.674484336636851,5.674484336636851,6.082142761513349,0.40765842487649806,0.40765842487649806,0.9583333333333334
CHEMBL429446,COc1cc(C2Nc3ccccc3C(=O)N2Cc2ccccc2)ccc1O,5.958607314841775,5.958607314841775,5.609788474269433,-0.348818840572342,0.348818840572342,0.2894736842105263
CHEMBL3657139,COc1ccc(-c2c(C)c3cc(OC)ccc3n2Cc2ccc(OCCN3CCCCC3)cc2)cc1,6.221848749616356,6.221848749616356,6.703911370108477,0.4820626204921208,0.4820626204921208,1.0
CHEMBL3657145,CCCN(CCC)CCOc1ccc(Cn2c(-c3ccc(O)cc3)c(C)c3cc(O)ccc32)cc1,7.096910013008056,7.096910013008056,7.177028328847557,0.08011831583950091,0.08011831583950091,0.8909090909090909
CHEMBL210074,CC[C@@]12CCC(=O)C(C)=C1c1ccc3[nH]ncc3c1C2,5.866461091629782,5.866461091629782,6.013711183858416,0.14725009222863417,0.14725009222863417,0.84
CHEMBL1671971,COc1cc(/C=C2\SC(=O)NC2=O)ccc1Oc1ccc(C#N)cc1C(F)(F)F,5.657577319177793,5.657577319177793,5.041253733018343,-0.6163235861594503,0.6163235861594503,0.24705882352941178
CHEMBL44426,Cc1c(-c2ccc(O)cc2)n(Cc2ccc(OCCN3CCCCC3)cc2)c2ccc(O)cc12,7.348253392557437,7.348253392557437,7.5403939999224665,0.19214060736502958,0.19214060736502958,1.0
CHEMBL4650365,C[C@@H]1Cc2c(ccc3[nH]ncc23)[C@@H](c2ccc(NC3CN(CCCF)C3)cn2)N1CC(F)(F)F,8.729474998043136,8.729474998043136,8.616670240596537,-0.11280475744659846,0.11280475744659846,0.9014084507042254
CHEMBL2113027,CC[C@H]1CCN(CCOc2ccc([C@@H]3Oc4ccc(O)cc4S[C@@H]3c3ccc(O)cc3)cc2)C1,8.958607314841775,8.958607314841775,8.959296402451479,0.0006890876097038756,0.0006890876097038756,1.0
CHEMBL203442,CCCc1c(O)cc2ncn(-c3ccc(O)cc3)c(=O)c2c1O,4.972691172964454,4.972691172964454,5.101877395938479,0.1291862229740257,0.1291862229740257,0.6122448979591837
CHEMBL206584,Cc1cc(O)c(C)c2c1-c1ccc(O)c(C)c1OC2C,6.6252516539898965,6.6252516539898965,6.467339060299022,-0.15791259369087474,0.15791259369087474,0.7073170731707317
CHEMBL93308,Oc1ccc([C@@H]2Sc3c(O)cc(O)cc3O[C@@H]2c2ccc(OCCN3CCCCC3)cc2)cc1,7.602059991327962,7.602059991327962,8.43216011365923,0.8301001223312676,0.8301001223312676,0.8305084745762712
CHEMBL3805385,CCCCCCCCCCCCCCCCCCNCCOc1ccc(C(=O)c2c(-c3ccc(O)cc3)sc3cc(O)ccc23)cc1,8.744727494896694,8.744727494896694,7.596703362153224,-1.14802413274347,1.14802413274347,1.0
CHEMBL211493,CC1=C2c3ccc(O)cc3CC2(c2ccccc2)CCC1=O,6.317854923626168,6.317854923626168,6.433511503891578,0.11565658026541037,0.11565658026541037,0.7446808510638298
CHEMBL4584946,O=c1cc(-c2ccccc2)nc2ccc(-c3ccccc3O)cn12,3.6020599913279625,3.6020599913279625,5.433671659874037,1.8316116685460742,1.8316116685460742,0.3157894736842105
CHEMBL209851,CCCCC12CCC(=O)C(Br)=C1c1ccc(O)cc1C2,6.85078088734462,6.85078088734462,6.185747621049129,-0.6650332662954916,0.6650332662954916,1.0
CHEMBL341367,Oc1cccc([C@H]2Sc3cc(O)ccc3S[C@H]2c2ccc(OCCN3CCCCC3)cc2)c1,7.823908740944319,7.823908740944319,8.123830789415637,0.2999220484713181,0.2999220484713181,0.86
CHEMBL1481770,c1ccc(OCc2nnc3sc(C4COc5ccccc5O4)nn23)cc1,5.020003904615123,5.020003904615123,4.94166152646952,-0.07834237814560296,0.07834237814560296,0.2823529411764706
CHEMBL241303,C[C@H](CCc1ccc(O)cc1)NC(=O)Cc1c(-c2ccccc2)[nH]c2cc(OCCN3CCCCC3)ccc12,8.096910013008056,8.096910013008056,7.267372409159334,-0.8295376038487223,0.8295376038487223,0.9850746268656716
CHEMBL182850,Oc1cc(Br)c2oc(-c3ccc(O)c(F)c3)cc2c1,7.920818753952375,7.920818753952375,7.066210593348277,-0.8546081606040978,0.8546081606040978,0.7073170731707317
CHEMBL202615,CN(C)CCOc1ccc(/C(=C(/CCCN=[N+]=[N-])c2ccccc2)c2ccc(O)cc2)cc1,7.886056647693163,7.886056647693163,7.565174982857306,-0.32088166483585745,0.32088166483585745,0.8823529411764706
CHEMBL4803828,CN1CCC[C@H]1CCOc1ccc(/C(=C(/CCCO)c2ccccc2)c2ccc(O)cc2)cc1,6.140261433802853,6.140261433802853,6.295128251738272,0.15486681793541912,0.15486681793541912,1.0
CHEMBL1469865,Cn1c(C(=O)Nc2ccc3c(c2)OCO3)cc2c(=O)n(C)c3ccccc3c21,4.646582369171029,4.646582369171029,4.960313792973608,0.31373142380257857,0.31373142380257857,0.39705882352941174
CHEMBL46903,Cc1c(-c2ccc(O)cc2)n(CCCCCCN2CCCC2)c2ccc(O)cc12,7.602059991327962,7.602059991327962,7.224542228584715,-0.37751776274324644,0.37751776274324644,0.7857142857142857
CHEMBL1461574,CCOP(=O)(OCC)C1(NS(=O)(=O)c2ccccc2)C=C(Br)C(=O)c2ccccc21,5.061064691796719,5.061064691796719,5.438407254122476,0.37734256232575714,0.37734256232575714,0.7692307692307693
CHEMBL1442697,COc1ccccc1N1CCN(C(=O)c2cc3c(s2)CCC3)CC1,5.284452905143747,5.284452905143747,5.13369286563999,-0.1507600395037576,0.1507600395037576,0.2948717948717949
CHEMBL4862431,C[C@@H]1Cc2c([nH]c3ccccc23)[C@@H](c2c(F)cc(OCCN3CC(CF)C3)cc2F)N1CC1(F)COC1,9.100015437450608,9.100015437450608,8.120472093433838,-0.9795433440167702,0.9795433440167702,0.7402597402597403
CHEMBL211816,CCCC[C@@]12CCC(=O)C(CC)=C1c1ccc3[nH]ncc3c1C2,7.031517051446065,7.031517051446065,6.267861683262268,-0.7636553681837972,0.7636553681837972,0.8113207547169812
CHEMBL1555033,COC(=O)c1ccc2c(=O)n(CCCC(=O)N3CCN(c4cccc(Cl)c4)CC3)c(=S)[nH]c2c1,4.726998727936262,4.726998727936262,5.725588763284927,0.9985900353486645,0.9985900353486645,0.7571428571428571
CHEMBL1087289,Oc1ccc2c(c1)O[C@H](c1ccc(OCCN3CCCCC3)cc1)C1=C2CCOc2ccccc21,7.0,7.0,8.114870072891337,1.1148700728913372,1.1148700728913372,1.0
CHEMBL4750790,CN1c2ccccc2C2(C)CCCC3Cc4cc(Br)cc(Br)c4OC312,7.698970004336019,7.698970004336019,5.9870656286114174,-1.7119043757246013,1.7119043757246013,0.18840579710144928
CHEMBL6159945,O=C(c1cccc(Br)c1)c1c(-c2ccc(O)cc2)sc2cc(O)ccc12,9.602059991327964,9.602059991327964,7.21774641285836,-2.3843135784696043,2.3843135784696043,0.813953488372093
CHEMBL4754618,C[C@@H]1Cc2c([nH]c3ccccc23)[C@@H](c2cnc(OC3CCC4(CC3)CCN(CC3CCN(c5ccc6c(c5)CN(C5CCC(=O)NC5=O)C6=O)CC3)CC4)nc2)N1CC(C)(C)F,8.657577319177793,8.657577319177793,8.522172015437173,-0.13540530374062065,0.13540530374062065,0.8285714285714286
CHEMBL198411,Oc1ccc(-c2cc(Br)c3cc(O)ccc3n2)cc1,6.673664139071248,6.673664139071248,6.601252463656089,-0.07241167541515914,0.07241167541515914,0.7105263157894737
CHEMBL5870475,C[C@]12C=CC(=O)C=C1[C@@H](F)C[C@H]1[C@@H]3C[C@H]4O[C@@H](c5ccc(Cc6ccc(Cl)c(N)c6)cc5)O[C@@]4(C(=O)CO)[C@@]3(C)C[C@H](O)[C@@]12F,4.522878745280337,4.522878745280337,4.990517082653252,0.4676383373729145,0.4676383373729145,0.8705882352941177
CHEMBL380720,Cc1cc(C)c2c(c1)c(=O)oc1cc(O)ccc12,6.232844133917819,6.232844133917819,5.663897228740855,-0.568946905176964,0.568946905176964,0.5952380952380952
CHEMBL3648370,O=C1Oc2cc(O)cc(Cc3ccccc3)c2CC1c1ccc(Cl)cc1,6.920818753952375,6.920818753952375,6.09315307908829,-0.8276656748640852,0.8276656748640852,0.35384615384615387
CHEMBL4585892,CCCC(CCC)(c1ccc(O)c(C)c1)c1ccc(/C=C/C(=O)OCC)c(C)c1,6.518557371497695,6.518557371497695,7.219560596117266,0.701003224619571,0.701003224619571,0.5853658536585366
CHEMBL3657156,Cc1c(-c2ccc(OC(C)C)cc2)n(Cc2ccc(OCCN3CCCCCC3)cc2)c2ccc(O)cc12,7.096910013008056,7.096910013008056,7.152655205593959,0.055745192585902714,0.055745192585902714,1.0
CHEMBL1522300,COc1ccc(N2Cc3cccc(C(=O)N4CCN(C(=O)c5ccco5)CC4)c3C2=O)cc1,5.008986248708188,5.008986248708188,5.951494277000474,0.942508028292286,0.942508028292286,0.625
CHEMBL78567,O=c1c2oc3c(Br)cc(O)cc3c2oc2cc(O)cc(O)c12,5.8996294548824375,5.8996294548824375,6.240770749326305,0.34114129444386787,0.34114129444386787,0.6590909090909091
CHEMBL1491936,CCOC(=O)Cc1cc(O)n2nc(-c3ccc(C)cc3)cc2n1,4.856454372761578,4.856454372761578,4.789087968044756,-0.06736640471682254,0.06736640471682254,0.2786885245901639
CHEMBL1098710,CCOC(=O)C1(C#N)Cc2ccc([C@]3(O)CC[C@H]4[C@@H]5CCc6cc(O)ccc6[C@H]5CC[C@@]43C)cc2C1,7.323032185705242,7.323032185705242,6.371123021450843,-0.9519091642543991,0.9519091642543991,0.8142857142857143
CHEMBL1593653,N#Cc1cccc(N2CCN(C(=O)CCCCCn3c(=S)[nH]c4ccccc4c3=O)CC2)c1,7.045757490560675,7.045757490560675,6.651258129460732,-0.39449936109994255,0.39449936109994255,0.7846153846153846
CHEMBL4160682,Cc1cc(C)c2nc(-c3cc4ccccc4n3Cc3ccccc3)[nH]c2c1,7.47977856411804,7.47977856411804,6.393002894163976,-1.086775669954064,1.086775669954064,0.7755102040816326
CHEMBL1094732,CC(=O)C1(C(C)=O)Cc2ccc([C@]3(O)CC[C@H]4[C@@H]5CCc6cc(O)ccc6[C@H]5CC[C@@]43C)cc2C1,6.614000715861032,6.614000715861032,6.337705920548679,-0.2762947953123529,0.2762947953123529,0.8307692307692308
CHEMBL1088629,CCN(CC)CCOc1ccc([C@H]2Oc3cc(F)ccc3C3=C2c2ccc(O)cc2OCC3)cc1,8.301029995663981,8.301029995663981,8.031927671501395,-0.2691023241625867,0.2691023241625867,1.0
CHEMBL4791503,CC/C(=C(/c1ccc(/C=C/C(=O)O)cc1)c1cc2ccccc2[nH]1)c1ccccc1,9.55284196865778,9.55284196865778,8.344040086126402,-1.2088018825313789,1.2088018825313789,0.8490566037735849
CHEMBL204025,Cc1c(O)ccc2c1OC(C)(C)c1c-2ccc(O)c1C,6.329754146925876,6.329754146925876,6.265385381617285,-0.06436876530859159,0.06436876530859159,0.46808510638297873
CHEMBL6168127,CC1=C(c2cc(F)cc(F)c2)[C@@H](c2ccc(/C=C/CN3CC(CF)C3)cc2)Oc2cc(O)ccc21,7.991399828238082,7.991399828238082,8.743768240717001,0.7523684124789192,0.7523684124789192,1.0
CHEMBL178470,C[C@@H]1c2cc(O)ccc2O[C@@H](c2ccc(OCCN3CCCCC3)cc2)[C@H]1c1ccc(O)cc1,8.853871964321762,8.853871964321762,8.37508418569556,-0.47878777862620225,0.47878777862620225,0.9807692307692307
CHEMBL1627351,CCCCN(C)C(=O)CCCCCCCCCCS[C@H]1[C@@H]2[C@H](CC[C@]3(C)[C@@H](O)CC[C@@H]23)c2ccc(O)cc2[C@H]1O,7.494850021680094,7.494850021680094,7.52419055611057,0.02934053443047624,0.02934053443047624,0.7397260273972602
CHEMBL182794,CC(C)[C@H](COc1ccc([C@@H]2Oc3ccc(O)cc3S[C@@H]2c2ccc(O)cc2)cc1)N1CCCC1,9.30102999566398,9.30102999566398,8.699801323696075,-0.6012286719679043,0.6012286719679043,0.8305084745762712
CHEMBL5424726,Cc1ccc(OCCNCCCF)c(F)c1[C@@H]1c2[nH]c3ccccc3c2C[C@@H](C)N1CC(F)(F)F,8.79997073344623,8.79997073344623,8.656176911095441,-0.14379382235078886,0.14379382235078886,0.8108108108108109
CHEMBL1471823,CCOc1ccc(NC(=O)c2cc3cc4ccc(OC)cc4nc3o2)cc1,4.325401351602277,4.325401351602277,4.860906948132164,0.5355055965298865,0.5355055965298865,0.358974358974359
CHEMBL209402,CCCCC12CCC(=O)C(CCC)=C1c1ccc(O)cc1C2,7.522878745280337,7.522878745280337,6.578267651553318,-0.9446110937270191,0.9446110937270191,0.9148936170212766
CHEMBL3827633,COc1ccc2c(c1)C(=O)c1c-2n(-c2ccc(OCCCN3CCN(C)CC3)cc2)c(=O)c2cc(OC)ccc12,4.453457336521869,4.453457336521869,5.005676342991908,0.5522190064700387,0.5522190064700387,0.9122807017543859
CHEMBL1097377,C[C@]12CC[C@@H]3c4ccc(O)cc4CC[C@H]3[C@@H]1CC[C@@]2(O)c1ccc2c(c1)COC2,7.129011186239425,7.129011186239425,6.155036429808809,-0.973974756430616,0.973974756430616,0.6470588235294118
CHEMBL5081507,CC/C(=C(\c1ccc(O)cc1)c1cccc(OCCCN2CCCC2)c1)c1ccccc1,7.97061622231479,7.97061622231479,7.56325016146727,-0.4073660608475205,0.4073660608475205,1.0
CHEMBL4553145,CCOc1cc(Br)cc(CNNC(=O)c2ccc3c(c2)OCCO3)c1O,5.525783735923745,5.525783735923745,4.823357077063462,-0.7024266588602828,0.7024266588602828,0.27631578947368424
CHEMBL4224834,O=C(/C=C/c1ccc(C2=C(c3ccc(O)cc3)CCOc3cc(F)ccc32)cc1)N1CCN(Cc2ccccc2)CC1,7.130768280269024,7.130768280269024,7.40215233511223,0.2713840548432058,0.2713840548432058,0.7647058823529411
CHEMBL212468,CC1=C2c3ccc4[nH]ncc4c3CC2(C)CCC1=O,5.355561410532162,5.355561410532162,5.926864902928076,0.5713034923959146,0.5713034923959146,0.7708333333333334
CHEMBL6169132,CC/C(=C(/c1ccc(-c2ccc(C(=O)O)cc2)cc1)c1ccc(-c2cnn(C)c2)cc1)c1ccc(F)cc1Cl,7.274905478918531,7.274905478918531,7.225580142468328,-0.049325336450203316,0.049325336450203316,0.7868852459016393
CHEMBL367350,CC[C@@H](COc1ccc([C@@H]2Oc3ccc(O)cc3S[C@@H]2c2ccc(O)cc2)cc1)N1CCCC1,9.30102999566398,9.30102999566398,8.86153011231868,-0.43949988334529877,0.43949988334529877,0.8
CHEMBL215409,CC[C@@]12CCC(=O)C(C(F)(F)F)=C1c1ccc3[nH]ncc3c1C2=O,7.236572006437063,7.236572006437063,6.337489705867566,-0.8990823005694972,0.8990823005694972,0.8181818181818182
CHEMBL1084129,CCN(CC)CCOc1ccc([C@@H]2Oc3ccccc3C3=C2c2ccc(O)cc2OCC3)cc1,8.045757490560675,8.045757490560675,7.646975465601735,-0.39878202495893955,0.39878202495893955,0.8387096774193549
CHEMBL464360,Cc1cc(O)c2c(c1)C(=O)c1cc(O)cc(O[C@@H]3O[C@H](CO)[C@@H](O)[C@H](O)[C@H]3O)c1C2=O,4.698970004336019,4.698970004336019,6.2235539489930725,1.5245839446570537,1.5245839446570537,0.5102040816326531
CHEMBL215802,CCCC[C@@]12CCC(=O)C(Br)=C1c1ccc3[nH]nnc3c1C2,5.7198771036976925,5.7198771036976925,6.407778397233237,0.6879012935355444,0.6879012935355444,1.0
CHEMBL1427643,COc1cc(C2C(C#N)=C(N)Oc3cc(C)oc(=O)c32)cc2c1OCO2,4.581836809758718,4.581836809758718,5.104388075850101,0.5225512660913827,0.5225512660913827,0.2558139534883721
CHEMBL180253,C[C@H]1c2cc(O)ccc2O[C@@H](c2ccc(OCCN3CCCCC3)cc2)[C@H]1c1ccc(O)cc1,7.42021640338319,7.42021640338319,8.37508418569556,0.9548677823123697,0.9548677823123697,0.9807692307692307
CHEMBL4752165,C[C@@H]1Cc2c([nH]c3ccccc23)[C@@H](c2cnc(N3CCC4(CCN(CCC5CCN(c6ccc7c(c6)CN(C6CCC(=O)NC6=O)C7=O)CC5)CC4)CC3)nc2)N1CC(C)(C)F,7.651695136951839,7.651695136951839,8.697319085657272,1.0456239487054324,1.0456239487054324,1.0
CHEMBL1303477,O=C(CSc1nnc(-c2ccc(OC(F)F)cc2)o1)NC(=O)NCc1ccco1,4.935697411167474,4.935697411167474,4.782414089524093,-0.15328332164338043,0.15328332164338043,0.4788732394366197
CHEMBL182157,Cc1ccccc1C(=O)N1CCN(c2ccc(C(=O)c3c(-c4ccc(O)cc4)sc4cc(O)ccc34)cc2)CC1,8.404503778174426,8.404503778174426,8.544353350724323,0.13984957254989716,0.13984957254989716,0.8305084745762712
CHEMBL3805170,CCCCCCCCNCCOc1ccc(C(=O)c2c(-c3ccc(O)cc3)sc3cc(O)ccc23)cc1,7.309803919971486,7.309803919971486,7.586452736610123,0.2766488166386365,0.2766488166386365,1.0
CHEMBL5085006,CC(C)(F)CN1CCc2cc(O)ccc2C1c1ccc(OCCCOc2ccc(C(=O)NO)cc2)cc1,6.878112014896319,6.878112014896319,7.235781836149194,0.35766982125287505,0.35766982125287505,0.847457627118644
CHEMBL4297509,CCNCCc1ccc(CN(CC)c2cc(OC)ccc2[C@@H]2CCc3cc(O)ccc3C2)cc1,7.629776499414208,7.629776499414208,7.392708429318357,-0.23706807009585162,0.23706807009585162,0.3
CHEMBL1388431,CS(=O)(=O)c1ccc2nc(NC(=O)CCC(=O)c3cccs3)sc2c1,5.148284964752111,5.148284964752111,4.9617715651862975,-0.18651339956581392,0.18651339956581392,0.2972972972972973
CHEMBL3622995,C[C@@H]1Cc2c([nH]c3ccccc23)[C@@H](c2ccc(Cl)cc2)N1CCC(=O)O,5.749999855918706,5.749999855918706,6.742095921559022,0.9920960656403155,0.9920960656403155,0.7777777777777778
CHEMBL1393131,O=C(O)c1cc(-c2ccco2)nc2ccc(Br)cc12,4.322029888103501,4.322029888103501,5.445409876009378,1.123379987905877,1.123379987905877,0.7142857142857143
CHEMBL4207948,O=c1[nH]c2c(c(=O)[nH]1)C(c1cc3ccccc3n1Cc1ccccc1)c1c([nH]c(=O)[nH]c1=O)O2,4.214100971615617,4.214100971615617,5.968882055228079,1.7547810836124622,1.7547810836124622,0.5081967213114754
CHEMBL238960,C[C@H](CCc1ccc(O)cc1)NC(=O)Cc1c(-c2ccccc2)[nH]c2c(OCCCCN3CCCCC3)cccc12,7.638272163982407,7.638272163982407,7.5906180683827325,-0.047654095599674484,0.047654095599674484,0.9857142857142858
CHEMBL6165805,O=C(c1ccc(Cl)cc1)c1c(-c2ccc(O)cc2)sc2ccccc12,7.402304814074488,7.402304814074488,7.427597776854791,0.025292962780302908,0.025292962780302908,0.7441860465116279
CHEMBL204697,CN(C)CCOc1ccc(/C(=C(/CCCC#N)c2ccccc2)c2ccc(O)cc2)cc1,7.602059991327962,7.602059991327962,7.26905332143334,-0.3330066698946217,0.3330066698946217,0.8775510204081632
CHEMBL5069811,CC(Cc1cccnc1)=C(c1ccc(O)cc1)c1ccc(O)cc1,5.752026733638194,5.752026733638194,6.447084929934764,0.6950581962965705,0.6950581962965705,0.7368421052631579
CHEMBL3990068,CNCCOc1ccc(/C(=C(/CCCO)c2ccccc2)c2ccc(O)cc2)cc1,5.476253533188435,5.476253533188435,6.7382315201266945,1.261977986938259,1.261977986938259,0.7446808510638298
CHEMBL427324,CC(C)[C@H]1CCN(CCOc2ccc([C@@H]3Oc4ccc(O)cc4S[C@@H]3c3ccc(O)cc3)cc2)C1,9.522878745280336,9.522878745280336,8.817259577907057,-0.7056191673732783,0.7056191673732783,0.8
CHEMBL1084913,OCCCOc1ccc(C2Oc3cc(O)ccc3C3=C2c2ccc(O)cc2OCC3)cc1,6.486782399932061,6.486782399932061,7.359747929421304,0.8729655294892433,0.8729655294892433,0.9019607843137255
CHEMBL4868243,C[C@@H]1Cc2c([nH]c3ccccc23)[C@@H](c2c(F)cc(OCCNCCCF)cc2F)N1CC(F)(F)CO,8.899974269892137,8.899974269892137,8.67774789277114,-0.2222263771209967,0.2222263771209967,0.7922077922077922
CHEMBL1541779,Cc1c(C(=O)OCC2CCCO2)[nH]c2c1C(=O)CC(c1ccco1)C2,4.493063052666346,4.493063052666346,4.760091811413055,0.26702875874670884,0.26702875874670884,0.7333333333333333
CHEMBL184367,Oc1ccc([C@H]2Sc3cc(O)ccc3O[C@H]2c2ccc(OCCN3C4CCCC3CC4)cc2)cc1,9.221848749616356,9.221848749616356,8.762655774991586,-0.45919297462477005,0.45919297462477005,0.9433962264150944
CHEMBL370039,O=C(Cc1cc2ccccc2o1)c1ccc(O)cc1O,4.0670191780768015,4.0670191780768015,6.252787873093142,2.185768695016341,2.185768695016341,0.3389830508474576
CHEMBL360978,O=C(c1ccc(N2CCN(C(=O)c3ccccc3[N+](=O)[O-])CC2)cc1)c1c(-c2ccc(O)cc2)sc2cc(O)ccc12,8.446116973356126,8.446116973356126,7.844030882228168,-0.6020860911279584,0.6020860911279584,0.7777777777777778
CHEMBL1570364,CCN=c1ccc(Br)cc(C(=O)/C=C/c2ccccc2Cl)c1O,5.507685305636136,5.507685305636136,5.308547636061375,-0.1991376695747613,0.1991376695747613,0.2625
CHEMBL1405182,O=C(CCCn1c(=S)[nH]c2ccccc2c1=O)N1CCN(c2cccc(O)c2)CC1,5.790484985457369,5.790484985457369,6.085820809761088,0.2953358243037192,0.2953358243037192,0.7868852459016393
CHEMBL3775116,CC(C)CN1[C@@H](c2ccc(/C=C/C(=O)O)cc2)c2ccc(O)cc2CC1(C)C,6.017728766960431,6.017728766960431,7.369695196242375,1.3519664292819442,1.3519664292819442,1.0
CHEMBL3657150,Cc1c(-c2ccc(O)cc2)n(Cc2ccc(OCCN3CCCC(C)C3)cc2)c2ccc(O)cc12,6.769551078621726,6.769551078621726,7.523655288934765,0.7541042103130389,0.7541042103130389,0.9016393442622951
CHEMBL6168811,O=C(c1cccc(Br)c1)c1c(-c2ccccc2)sc2cc(O)ccc12,7.876148359032914,7.876148359032914,7.489279993915953,-0.3868683651169613,0.3868683651169613,0.7555555555555555
CHEMBL1086775,Oc1ccc2c(c1)O[C@H](c1ccc(OCCN3CCCC3)cc1)C1=C2CCOc2cc(O)ccc21,8.920818753952375,8.920818753952375,8.36899057842702,-0.5518281755253547,0.5518281755253547,1.0
CHEMBL460174,CC(/C=N/NC(=N)N)=C(/Cl)c1ccccc1,4.431798275933005,4.431798275933005,5.336869667957335,0.9050713920243298,0.9050713920243298,0.37254901960784315
CHEMBL4444805,Cc1ncsc1-c1ccc(CNC(=O)[C@@H]2C[C@@H](O)CN2C(=O)[C@@H](NC(=O)COCCOCCC(F)(F)CCOc2cc(F)c([C@@H]3c4[nH]c5ccccc5c4C[C@@H](C)N3CC(C)(C)F)c(F)c2)C(C)(C)C)cc1,9.30102999566398,9.30102999566398,8.702202210394871,-0.5988277852691084,0.5988277852691084,0.9145299145299145
CHEMBL77609,CCC1Oc2cc(O)cc(C)c2N=C1c1ccc(O)c(Br)c1,6.7447274948966935,6.7447274948966935,5.651231672392164,-1.0934958225045293,1.0934958225045293,0.8297872340425532
CHEMBL3427414,Cc1cc(F)ccc1-c1c(Oc2ccc(/C=C/C(=O)O)cc2)c2ccccc2oc1=O,7.142667503568731,7.142667503568731,6.844336600033074,-0.29833090353565694,0.29833090353565694,0.8064516129032258
CHEMBL3823498,CNCCCCCCCCCCCCn1c(-c2ccc(O)cc2)c(C)c2cc(O)ccc21,6.42021640338319,6.42021640338319,7.2000400360713215,0.7798236326881316,0.7798236326881316,0.8048780487804879
CHEMBL1087682,O=C1CCC(=O)N1CCCOc1ccc([C@@H]2Oc3cc(O)ccc3C3=C2c2ccc(O)cc2OCC3)cc1,7.3875340360468575,7.3875340360468575,8.25092122747625,0.8633871914293918,0.8633871914293918,1.0
CHEMBL5440088,Cc1c(OCCN(C)CCCF)ccc(F)c1[C@@H]1c2[nH]c3ccccc3c2C[C@@H](C)N1C[C@H](C)C(=O)O,8.700057099977233,8.700057099977233,8.410455700035474,-0.28960139994175904,0.28960139994175904,0.8148148148148148
CHEMBL149791,CCC(=C(c1ccc(O)cc1)c1ccc(O)cc1)c1ccccc1,10.221848749616356,10.221848749616356,7.198978180201501,-3.022870569414855,3.022870569414855,0.6756756756756757
CHEMBL394788,O=C1c2ccc(O)cc2C(=O)N1c1ccc(O)cc1[N+](=O)[O-],7.67778070526608,7.67778070526608,5.701284569619702,-1.9764961356463777,1.9764961356463777,0.5897435897435898
CHEMBL311878,O=c1c2oc3ccc(O)cc3c2oc2cc(O)cc(O)c12,5.5300307905000405,5.5300307905000405,6.59101415152695,1.060983361026909,1.060983361026909,0.8055555555555556
CHEMBL1570659,O=C(O)C1Nc2c(C(=O)N3CCOCC3)cccc2C2C=CCC12,4.799060081458141,4.799060081458141,5.123833636005636,0.32477355454749546,0.32477355454749546,0.3055555555555556
CHEMBL213529,CCCC12CCC(=O)C(CC)=C1c1ccc3[nH]nnc3c1C2,6.213248577854439,6.213248577854439,6.029540532601084,-0.18370804525335505,0.18370804525335505,0.8846153846153846
CHEMBL83623,Oc1ccc2c(c1)S[C@H](c1cccs1)[C@H](c1ccc(OCCN3CCCCC3)cc1)O2,8.05551732784983,8.05551732784983,7.578565344305793,-0.4769519835440379,0.4769519835440379,0.8
CHEMBL4802638,OCCC/C(=C(\c1ccc(O)cc1)c1ccc(OCCN2CC2)cc1)c1ccccc1,6.528708288941061,6.528708288941061,6.573733418848311,0.04502512990725016,0.04502512990725016,0.9130434782608695
CHEMBL1327977,O=C(COC(=O)CC1CCCC1)Nc1cc2c(cc1Cl)C(=O)c1ccccc1C2=O,4.652602845018308,4.652602845018308,5.260957414049917,0.6083545690316097,0.6083545690316097,0.26666666666666666
CHEMBL206441,COc1c(C)cc2c(=O)oc3c(C)c(O)ccc3c2c1C,5.380906669373257,5.380906669373257,5.60903543779507,0.22812876842181318,0.22812876842181318,0.6744186046511628
CHEMBL310972,O=c1c2sc3ccccc3c2oc2cc(O)cc(O)c12,5.435097327470795,5.435097327470795,6.488659736299766,1.053562408828971,1.053562408828971,0.5217391304347826
CHEMBL4247748,CC(C)CC(NC(=O)[C@H](O)[C@H](N)Cc1ccccc1)C(=O)O,5.7447274948966935,5.7447274948966935,5.29631805859717,-0.44840943629952346,0.44840943629952346,0.2857142857142857
CHEMBL1587920,CCCc1cc(-n2ccnc2)n2c(nc3ccccc32)c1C#N,4.525796998138942,4.525796998138942,5.276883068556053,0.7510860704171112,0.7510860704171112,0.2972972972972973
CHEMBL196583,Oc1ccc(-c2ccc3c(Br)c(O)ccc3n2)cc1,5.943095148663527,5.943095148663527,6.5376144114098516,0.5945192627463243,0.5945192627463243,0.5277777777777778
CHEMBL379008,CCC[C@@H]1C[C@@H]2C[C@]13Cc1cc(O)ccc1C3=C(C)C2=O,7.013228265733755,7.013228265733755,6.503884122280534,-0.5093441434532204,0.5093441434532204,0.8235294117647058
CHEMBL361601,CC(C)[C@@H]1CCN(CCOc2ccc([C@@H]3Oc4ccc(O)cc4S[C@@H]3c3ccc(O)cc3)cc2)C1,9.397940008672036,9.397940008672036,8.817259577907057,-0.5806804307649784,0.5806804307649784,0.8
CHEMBL4585080,CCCC(CCC)(c1ccc(O)c(C)c1)c1ccc(/C=C/C(=O)O)c(C)c1,7.431798275933005,7.431798275933005,7.132474691166583,-0.2993235847664222,0.2993235847664222,0.631578947368421
CHEMBL434346,CN(C)c1cccc(N2CCc3cc(O)ccc3C2c2ccc(OCCN3CCCCC3)cc2)c1,7.425941371513536,7.425941371513536,7.634484917130743,0.20854354561720712,0.20854354561720712,0.7903225806451613
CHEMBL206426,O=c1c2c(O)cc(O)cc2ncn1-c1ccc(O)nc1,4.174833627743451,4.174833627743451,4.601448631483805,0.42661500374035466,0.42661500374035466,0.75
CHEMBL5424734,Cc1ccc(OCCNCCCF)cc1[C@@H]1c2[nH]c3ccccc3c2C[C@@H](C)N1CC(F)(F)F,8.400007822415901,8.400007822415901,8.487907021467834,0.08789919905193244,0.08789919905193244,0.8591549295774648
CHEMBL280538,C[C@@H]1C(=O)c2ccc(O)cc2O[C@@H]1c1ccc(OCCN2CCCCC2)cc1,5.448184177648985,5.448184177648985,5.790089577516102,0.3419053998671169,0.3419053998671169,0.7931034482758621
CHEMBL6145600,CC/C(=C(/c1ccc(/C=C/C(=O)O)cc1)c1ccc(C(=O)O)cc1)c1ccc(F)cc1Cl,6.472756883611911,6.472756883611911,7.5014379705425975,1.0286810869306864,1.0286810869306864,0.7818181818181819
CHEMBL5905151,C[C@]12C=CC(=O)C=C1[C@@H](F)C[C@H]1[C@@H]3C[C@H]4O[C@@H](c5ccc(CSc6ccc(Cl)c(N)c6)cc5)O[C@@]4(C(=O)CO)[C@@]3(C)C[C@H](O)[C@@]12F,5.423658649794207,5.423658649794207,5.056325765010964,-0.36733288478324333,0.36733288478324333,0.8651685393258427
CHEMBL30439,Oc1ccc([C@@H]2Cc3ccc(O)cc3O[C@@H]2c2ccc(OCCN3CCCCC3)cc2)cc1,8.173925197299173,8.173925197299173,7.886983245966528,-0.2869419513326452,0.2869419513326452,0.6557377049180327
CHEMBL371788,CC1=C(c2ccc(O)cc2)C(=O)c2c(O)cc(O)cc21,7.508638306165727,7.508638306165727,6.809902030798097,-0.6987362753676303,0.6987362753676303,0.6571428571428571
CHEMBL366928,O=C(c1ccc(N2CCN(C3CCCC3)CC2)cc1)c1c(-c2ccc(O)cc2)sc2cc(O)ccc12,8.96657624451305,8.96657624451305,8.674238927042365,-0.29233731747068425,0.29233731747068425,0.7272727272727273
CHEMBL377694,CCCC12CCC(=O)C(Br)=C1c1ccc(O)cc1C2,7.102372908709558,7.102372908709558,6.142346350555022,-0.960026558154536,0.960026558154536,0.8695652173913043
CHEMBL1628029,CC(C)CCC[C@@H](C)CCC[C@@H](C)CCC[C@@H]1Cc2cc(O)ccc2[C@H]2CC[C@]3(C)[C@@H](O)CC[C@H]3[C@H]12,6.714442690992226,6.714442690992226,7.0065034517251386,0.29206076073291243,0.29206076073291243,0.581081081081081
CHEMBL94116,Oc1ccc([C@@H]2Sc3c(Cl)cc(O)cc3O[C@@H]2c2ccc(OCCN3CCCCC3)cc2)cc1,9.292429823902063,9.292429823902063,8.290475976743704,-1.0019538471583598,1.0019538471583598,0.8032786885245902
CHEMBL183086,CC[C@H](CN1CCCC1)Oc1ccc([C@@H]2Oc3ccc(O)cc3S[C@@H]2c2ccc(O)cc2)cc1,8.920818753952375,8.920818753952375,8.897191534807206,-0.023627219145168965,0.023627219145168965,1.0
CHEMBL391910,C[C@H](CCc1ccc(O)cc1)NC(=O)Cc1c(-c2ccccc2)[nH]c2ccccc12,9.0,9.0,8.055519165866981,-0.9444808341330191,0.9444808341330191,1.0
CHEMBL1088483,COc1ccc2c(c1)O[C@H](c1ccc(OCCN3CCCCC3)cc1)C1=C2CCOc2cc(O)ccc21,8.045757490560675,8.045757490560675,8.140024415829323,0.09426692526864855,0.09426692526864855,1.0
CHEMBL2403363,CCCC(CCC)(c1ccc(O)c(CC)c1)c1ccc(O)c(CC)c1,6.1014666877464165,6.1014666877464165,7.344746166431861,1.2432794786854444,1.2432794786854444,0.7241379310344828
CHEMBL1587260,COc1ccc(C)cc1-n1nnnc1SCC(=O)NC(=O)NCc1ccco1,5.023291085331073,5.023291085331073,4.740011289603624,-0.28327979572744955,0.28327979572744955,0.5058823529411764
CHEMBL1328083,Cc1ccc(N/C=C2/C(=O)N(c3ccc4c(c3)OCO4)C(=O)c3ccccc32)cc1,4.702429438550463,4.702429438550463,5.34061834511097,0.6381889065605071,0.6381889065605071,0.30985915492957744
CHEMBL1983345,CCOC(=O)c1c(C)oc2c1c(/C=N/C1CCS(=O)(=O)C1)c(O)c1ccccc12,4.795567980310088,4.795567980310088,5.637470110799599,0.8419021304895109,0.8419021304895109,0.23148148148148148
CHEMBL329849,Cc1c(O)ccc2c1O[C@H](c1ccc(OCCN3CCCCC3)cc1)[C@H](c1ccc(O)cc1)S2,8.920818753952375,8.920818753952375,8.395671187346121,-0.525147566606254,0.525147566606254,0.8064516129032258
CHEMBL6134469,CC/C(=C(/c1ccc(/C=C/C(=O)O)cc1)c1ccc(-c2cnn(C)c2)cc1)c1ccc(Cl)cc1,7.460923901207224,7.460923901207224,7.368011398886127,-0.09291250232109682,0.09291250232109682,0.8181818181818182
CHEMBL1522044,O=C1C2CC=C(Cl)CC2C(=O)N1CCCCCCN1C(=O)C2CC=C(Cl)CC2C1=O,4.607273860318654,4.607273860318654,5.589718231967206,0.982444371648552,0.982444371648552,0.1780821917808219
CHEMBL4247291,CC(=O)N[C@@H](Cc1cnc[nH]1)C(=O)N[C@@H](CCCCN)C(=O)N[C@@]1(C)C[C@@H](C)C/C=C\CCC[C@@](C)(C(=O)N[C@@H](CC(C)C)C(=O)N[C@@H](CCC(N)=O)C(=O)N[C@@H](CC(=O)O)C(=O)N[C@@H](CO)C(N)=O)NC(=O)[C@H](CCCNC(=N)N)NC(=O)[C@H](Cc2cnc[nH]2)NC(=O)[C@H](CC(C)C)NC1=O,7.050609993355087,7.050609993355087,6.610458424328387,-0.4401515690266997,0.4401515690266997,1.0
CHEMBL4595968,CN1CCN(c2ccc(/C(=C(/CCCO)c3ccccc3)c3ccc(O)cc3)cc2)CC1,5.769551078621726,5.769551078621726,6.001027554372431,0.2314764757507053,0.2314764757507053,0.8085106382978723
CHEMBL3360841,O=C1C[C@H](c2ccc(O)cc2)N1c1ccc(O)cc1,4.886056647693163,4.886056647693163,5.5090335705438775,0.6229769228507145,0.6229769228507145,0.45
CHEMBL2407647,COc1cc(CNC(=O)[C@@]2(Cc3ccccc3)OC(=O)N([C@@H]3CCc4ccccc43)C2=O)cc(OC)c1,4.769551078621726,4.769551078621726,6.2912124111285195,1.5216613325067936,1.5216613325067936,0.26506024096385544
CHEMBL381337,Cc1c(O)ccc2c1OC(C)c1c-2ccc(O)c1C,6.474955192963154,6.474955192963154,6.120348588073127,-0.3546066048900274,0.3546066048900274,0.6388888888888888
CHEMBL3657170,CCc1c(-c2ccc(O)cc2)n(Cc2ccc(OCCN3CCCCC3)cc2)c2ccc(O)cc12,6.823908740944319,6.823908740944319,7.363448215332692,0.5395394743883735,0.5395394743883735,0.7966101694915254
CHEMBL379109,CCCCC12CCC(=O)C(Cl)=C1c1ccc(O)cc1C2,6.943095148663527,6.943095148663527,6.09141352047297,-0.8516816281905575,0.8516816281905575,0.7916666666666666
CHEMBL1385373,COc1ccccc1NC(=O)c1ccccc1NC(=O)c1cc(Cl)ccc1NC(=O)c1ccco1,4.90268055349511,4.90268055349511,5.969309486002865,1.0666289325077543,1.0666289325077543,0.46551724137931033
CHEMBL1454402,CC(=O)c1c(C)[nH]c(C(=O)COc2ccc(C#N)cc2)c1C,4.468029458955865,4.468029458955865,4.873758612154302,0.40572915319843705,0.40572915319843705,0.26229508196721313
CHEMBL6171433,CC/C(=C(/c1ccc(/C=C/C(=O)O)cc1)c1ccc(-c2cnn(C)c2)cc1)c1ccc(C)cc1,7.530177984021837,7.530177984021837,7.39437530006966,-0.13580268395217665,0.13580268395217665,0.8333333333333334
CHEMBL3360844,O=C1[C@@H](c2ccc(O)cc2)[C@H](c2ccc(O)cc2)N1c1ccc(O)cc1,5.906239639581768,5.906239639581768,6.200175297717759,0.29393565813599043,0.29393565813599043,0.8709677419354839
CHEMBL5817717,C[C@]12C=CC(=O)C=C1CC[C@@H]1[C@@H]2[C@@H](O)C[C@@]2(C)[C@H]1C[C@H]1O[C@@H](c3ccc(CSc4cccc(N)c4)cc3)O[C@]12C(=O)CO,4.522878745280337,4.522878745280337,5.284865722385938,0.7619869771056003,0.7619869771056003,0.8181818181818182
CHEMBL183489,C[C@@H]1CCCN1CCOc1ccc([C@@H]2Oc3ccc(O)cc3S[C@@H]2c2ccc(O)cc2)cc1,9.154901959985745,9.154901959985745,8.94518679827186,-0.20971516171388416,0.20971516171388416,1.0
CHEMBL4742354,CC/C(=C(/c1ccc(/C=C/C(=O)O)cc1)c1cc2ccccc2[nH]1)c1cccc(OC(F)(F)F)c1,8.326979092871104,8.326979092871104,8.429620534578289,0.10264144170718481,0.10264144170718481,0.746268656716418
CHEMBL4784145,O=C(/C=C/c1ccc(C(=C2CCCCC2)c2ccc(O)cc2)cc1)NCCNC(=O)/C=C/c1ccc(C(=C2CCCCC2)c2ccc(O)cc2)cc1,8.191789027075778,8.191789027075778,8.422067202984692,0.2302781759089143,0.2302781759089143,0.9047619047619048
CHEMBL3657157,Cc1c(-c2ccc(C(F)(F)F)cc2)n(Cc2ccc(OCCN3CCCCC3)cc2)c2ccc(O)cc12,6.769551078621726,6.769551078621726,7.5222478027954605,0.7526967241737346,0.7526967241737346,0.85
CHEMBL33230,COc1cc([C@@H]2C(=O)c3ccc(O)cc3O[C@@H]2c2ccc(OCCN3CCCCC3)cc2)ccc1O,6.384049948343599,6.384049948343599,7.271035900354226,0.8869859520106269,0.8869859520106269,0.8059701492537313
CHEMBL1616144,CN(C)CC(=O)N1c2ccccc2CCc2ccc(NC(=O)c3ccc(N)cc3)cc21,4.807464883014823,4.807464883014823,6.690735426958993,1.8832705439441693,1.8832705439441693,0.3013698630136986
CHEMBL362020,O=C(c1ccc(N2CCN(C(=O)c3ccc([N+](=O)[O-])cc3)CC2)cc1)c1c(-c2ccc(O)cc2)sc2cc(O)ccc12,8.667561540084394,8.667561540084394,7.855852865204178,-0.811708674880216,0.811708674880216,0.8909090909090909
CHEMBL328716,Oc1ccc([C@@H]2Sc3c(ccc(O)c3F)O[C@@H]2c2ccc(OCCN3CCCCC3)cc2)cc1,9.096910013008056,9.096910013008056,8.800815483991105,-0.2960945290169512,0.2960945290169512,1.0
CHEMBL249700,C=C1C=C2CC[C@H]3[C@@H]4CC[C@H](O)[C@@]4(C)CC[C@@H]3[C@@]2(C)CC1,6.1938200260161125,6.1938200260161125,6.476955054648186,0.2831350286320733,0.2831350286320733,0.52
CHEMBL3098274,CCCCCCCCCCCCNCCOc1ccc(/C(=C(/CC)c2ccccc2)c2ccc(O)cc2)cc1,7.853871964321762,7.853871964321762,7.749204671688504,-0.10466729263325814,0.10466729263325814,1.0
CHEMBL1462307,O=C(CCCn1c(=S)[nH]c2ccccc2c1=O)N1CCN(c2cccc(Cl)c2)CC1,6.081220678703996,6.081220678703996,5.508796484544043,-0.5724241941599528,0.5724241941599528,0.9298245614035088
CHEMBL6170941,CC/C(=C(/c1ccc(/C=C/C(=O)O)cc1)c1ccc(-c2cnn(C)c2)cc1)c1ccc(OC)cc1,7.756961951313706,7.756961951313706,7.277918272937051,-0.4790436783766543,0.4790436783766543,0.7894736842105263
CHEMBL4531047,CCCC(CCC)(c1ccc(O)c(C)c1)c1ccc(OCC(=O)NC)c(C)c1,7.366531544420414,7.366531544420414,7.113318372122949,-0.2532131722974649,0.2532131722974649,0.723404255319149
CHEMBL4473971,CCCC(CCC)(c1ccc(N)c(C)c1)c1ccc(O)c(C)c1,8.769551078621726,8.769551078621726,7.496256299851766,-1.2732947787699596,1.2732947787699596,0.8
CHEMBL328810,CC1(c2ccc(OCCN3CCCCCC3)cc2)c2ccc(O)cc2CCN1c1ccccc1,8.037899140188074,8.037899140188074,7.83473127762093,-0.2031678625671436,0.2031678625671436,1.0
CHEMBL206814,CCCCc1nc2cc(O)cc(O)c2c(=O)n1-c1ccc(O)cc1,6.749579997691106,6.749579997691106,5.1799272194871335,-1.5696527782039729,1.5696527782039729,0.8636363636363636
CHEMBL396118,C[C@H](CCc1ccc(O)cc1)NC(=O)Cc1c(-c2ccccc2)n(C(=O)c2ccc(OCCN3CCCCC3)cc2)c2ccccc12,6.756961951313706,6.756961951313706,7.4155697793066455,0.6586078279929399,0.6586078279929399,0.7948717948717948
CHEMBL1091535,CCC(=C(c1ccc(O)cc1)c1ccc(/C=C/C(=O)O)cc1)c1ccccc1,8.314096770746293,8.314096770746293,8.12025635035325,-0.19384042039304283,0.19384042039304283,1.0
CHEMBL5807570,C[C@]12C=CC(=O)C=C1CC[C@H]1[C@@H]3C[C@H]4O[C@@H](c5ccc(CSc6cccc(N)c6)cc5)O[C@@]4(C(=O)CO)[C@@]3(C)C[C@H](O)[C@@]12F,4.522878745280337,4.522878745280337,4.87140476608821,0.3485260208078724,0.3485260208078724,0.8202247191011236
CHEMBL1480378,Cc1ccnc(NS(=O)(=O)c2ccc(NC(=O)Cc3cccs3)cc2)n1,4.9133611713594165,4.9133611713594165,4.885990494941941,-0.02737067641747526,0.02737067641747526,0.5333333333333333
CHEMBL1087298,Oc1ccc2c(c1)OCCC1=C2[C@@H](c2ccc(OCCN3CCCCC3)cc2)Oc2ccccc21,8.236572006437063,8.236572006437063,8.22875421018796,-0.007817796249103282,0.007817796249103282,1.0
CHEMBL5756710,CCOc1cc(NC2CN(CCCF)C2)ccc1[C@@H]1c2ccc3[nH]ncc3c2C[C@@H](C)N1CC1(F)CC1,7.823908740944319,7.823908740944319,7.830579792085247,0.0066710511409286966,0.0066710511409286966,0.8717948717948718
CHEMBL190487,O=C1C(c2ccc(O)cc2)=C(Br)c2c(O)cc(O)cc21,6.1487416512809245,6.1487416512809245,6.857440015684206,0.7086983644032818,0.7086983644032818,0.675
CHEMBL201013,CN(C)CCOc1ccc(/C(=C(/CCCO)c2ccccc2)c2ccc(O)cc2)cc1,5.796628611325562,5.796628611325562,6.847360816401875,1.0507322050763133,1.0507322050763133,0.9333333333333333
CHEMBL4170939,O=C(c1ccccc1)c1ccc2[nH]c(-c3cc4ccccc4[nH]3)nc2c1,7.329012396989966,7.329012396989966,6.102012830527465,-1.226999566462501,1.226999566462501,0.6
CHEMBL182887,CC1(C)CCN(CCOc2ccc([C@@H]3Oc4ccc(O)cc4S[C@@H]3c3ccc(O)cc3)cc2)C1,9.0,9.0,8.629882913002112,-0.3701170869978885,0.3701170869978885,0.7903225806451613
CHEMBL6164237,CN1CCN(c2ccc(-c3cc(=O)c4ccccc4o3)cc2)CC1,5.522878745280337,5.522878745280337,5.512122269722496,-0.01075647555784176,0.01075647555784176,0.3333333333333333
CHEMBL3775978,CCCCCCCCCC(=O)Oc1ccc(/C(=C(/C)c2ccccc2)c2ccc(OCCN3CCCC3)cc2)cc1,7.315154638355588,7.315154638355588,7.465619206588047,0.15046456823245968,0.15046456823245968,0.8545454545454545
CHEMBL182402,C[C@@H]1CCN([C@@H](C)COc2ccc([C@@H]3Oc4ccc(O)cc4S[C@@H]3c3ccc(O)cc3)cc2)C1,8.886056647693163,8.886056647693163,9.020522304192612,0.13446565649944908,0.13446565649944908,0.7903225806451613
CHEMBL313941,Oc1ccc(C[C@H]2Sc3cc(O)ccc3O[C@H]2c2ccc(OCCN3CCCCC3)cc2)cc1,8.568636235841012,8.568636235841012,8.275437835884924,-0.2931983999560881,0.2931983999560881,0.7666666666666667
CHEMBL204922,Cc1c(O)ccc2c1oc(=O)c1c(C)c(O)ccc12,6.798602875679548,6.798602875679548,5.933148528912419,-0.8654543467671294,0.8654543467671294,0.8125
CHEMBL183263,CC(C)[C@@H](COc1ccc([C@@H]2Oc3ccc(O)cc3S[C@@H]2c2ccc(O)cc2)cc1)N1CCCC1,9.154901959985745,9.154901959985745,8.699801323696075,-0.4551006362896697,0.4551006362896697,0.8305084745762712
CHEMBL4159656,CC1=C(c2cccc(O)c2)[C@@H](c2ccc(OC[C@H](C)N3CC[C@@H](C)C3)cc2)Oc2ccc(O)cc21,6.866461091629782,6.866461091629782,8.357604941108827,1.4911438494790445,1.4911438494790445,1.0
CHEMBL191836,O=C1C(c2ccc(O)cc2)=C(c2ccccc2)c2cc(O)cc(O)c21,8.522878745280337,8.522878745280337,6.974403472650994,-1.5484752726293438,1.5484752726293438,0.8
CHEMBL4247551,CC(=O)N[C@@H](Cc1cnc[nH]1)C(=O)N[C@@H](CCCCN)C(=O)N[C@@]1(C)CCC/C=C\CCC[C@@](C)(C(=O)N[C@@H](CC(C)C)C(=O)N[C@@H](CCC(N)=O)C(=O)N[C@@H](CC(=O)O)C(=O)N[C@@H](CO)C(N)=O)NC(=O)[C@H](CCCNC(=N)N)NC(=O)[C@H](Cc2cnc[nH]2)NC(=O)[C@H](CC(C)C)NC1=O,6.4089353929735005,6.4089353929735005,6.24485260242567,-0.16408279054783037,0.16408279054783037,0.9206349206349206
CHEMBL135,C[C@]12CC[C@@H]3c4ccc(O)cc4CC[C@H]3[C@@H]1CC[C@@H]2O,8.609946095481167,8.609946095481167,6.824355915532397,-1.7855901799487697,1.7855901799487697,0.5769230769230769
CHEMBL3597498,CC[C@H](C)[C@@H]1NC(=O)[C@H](NC(=O)[C@@H](N)CCCCN)CSSC[C@@H](C(=O)N[C@@H](CCCNC(=N)N)C(=O)N[C@@H](CC(C)C)C(=O)N[C@@H](CC(C)C)C(=O)N[C@@H](CCC(N)=O)C(N)=O)NC(=O)[C@H](CC(C)C)NC1=O,7.455931955649724,7.455931955649724,7.014365695457558,-0.4415662601921664,0.4415662601921664,0.9090909090909091
CHEMBL209623,CC[C@@]12CCC(=O)C(C3CC3)=C1c1ccc3[nH]ncc3c1C2,6.327902142064283,6.327902142064283,6.3898054474043295,0.06190330534004662,0.06190330534004662,0.8214285714285714
CHEMBL93546,Oc1ccc2c(c1)SC(c1ccc(F)cc1)C(c1ccc(OCCN3CCCCC3)cc1)O2,8.42021640338319,8.42021640338319,8.013830425642157,-0.40638597774103324,0.40638597774103324,0.8928571428571429
CHEMBL85536,Oc1ccc2c(c1)S[C@H](Cc1ccccc1)[C@H](c1ccc(OCCN3CCCCC3)cc1)O2,8.130768280269024,8.130768280269024,7.863720943052038,-0.2670473372169857,0.2670473372169857,0.7580645161290323
CHEMBL180707,O=C(c1ccc(N2CCN(C(=O)c3ccc(Cl)cc3)CC2)cc1)c1c(-c2ccc(O)cc2)sc2cc(O)ccc12,9.382741358243656,9.382741358243656,8.66001380329743,-0.7227275549462266,0.7227275549462266,0.8823529411764706
CHEMBL5174813,O=C(c1ccc(OCCN2C=Cc3ccccc3C2)cc1)c1c(-c2ccc(O)cc2)oc(=O)c2cc(O)ccc12,9.148741651280924,9.148741651280924,7.611636296945894,-1.5371053543350293,1.5371053543350293,0.6571428571428571
CHEMBL1491959,CCc1ccc2nc(O)c(CN(Cc3ccc4c(c3)OCO4)C(=O)c3ccco3)cc2c1,4.581836809758718,4.581836809758718,6.436113031113241,1.8542762213545227,1.8542762213545227,0.31645569620253167
CHEMBL1405,C[C@]12CC[C@@H]3c4ccc(O)cc4CC[C@H]3[C@@H]1CCC2=O,7.1076913536835615,7.1076913536835615,6.334251179004895,-0.7734401746786661,0.7734401746786661,0.5769230769230769
CHEMBL280986,CC(C)=CCC[C@](C)(O)C1CC[C@]2(C)C1[C@H](O)CC1[C@@]3(C)CC[C@H](O)C(C)(C)C3CC[C@]12C,4.580044251510242,4.580044251510242,6.250707728015873,1.6706634765056307,1.6706634765056307,0.19480519480519481
CHEMBL1466882,Cc1nnc(NC(=O)Cc2cccs2)s1,4.720274439276242,4.720274439276242,4.964409371160785,0.24413493188454272,0.24413493188454272,0.6122448979591837
CHEMBL183049,C[C@H]1CCN(CCOc2ccc([C@@H]3Oc4ccc(O)cc4S[C@@H]3c3ccc(O)cc3)cc2)C1,9.0,9.0,8.851516262307452,-0.14848373769254763,0.14848373769254763,0.8333333333333334
CHEMBL4596092,CC(C)N1CCN(c2ccc(/C(=C(/CCCO)c3ccccc3)c3ccc(NS(C)(=O)=O)cc3)cc2)CC1,6.384049948343599,6.384049948343599,6.826612976147539,0.4425630278039394,0.4425630278039394,0.8135593220338984
CHEMBL183162,Oc1ccc2c(c1)CO[C@H](c1ccccc1)[C@@H]2c1ccc(OCCN2CCCC2)cc1,8.619788758288394,8.619788758288394,7.710264330094486,-0.9095244281939072,0.9095244281939072,0.7857142857142857
CHEMBL512579,Cc1c(O)c(C)c2occ(-c3ccc(O)cc3)c(=O)c2c1O,4.991399828238082,4.991399828238082,5.929646160175864,0.9382463319377816,0.9382463319377816,0.5
CHEMBL3586192,CCCCCCCCCCCCCCNCCOc1ccc(/C(=C(/CC)c2ccccc2)c2ccc(O)cc2)cc1,7.958607314841775,7.958607314841775,7.623733132812717,-0.3348741820290577,0.3348741820290577,1.0
CHEMBL3657169,Cc1cc(O)ccc1-c1c(Cl)c2cc(O)ccc2n1Cc1ccc(OCCN2CCCCC2)cc1,7.886056647693163,7.886056647693163,7.824576920622592,-0.061479727070571144,0.061479727070571144,0.7627118644067796
CHEMBL4800591,C[C@@H]1Cc2c([nH]c3ccccc23)[C@@H](c2cnc(N3CCC(CN4CCOC5(CC4)CCN(c4ccc6c(c4)CN(C4CCC(=O)NC4=O)C6=O)CC5)CC3)nc2)N1CC(C)(C)F,8.275724130399212,8.275724130399212,8.46062540374211,0.18490127334289852,0.18490127334289852,0.9158878504672897
CHEMBL441366,CCCC[C@@]12CCC(=O)C(CC)=C1c1ccc3[nH]nnc3c1C2,6.657577319177793,6.657577319177793,5.692340482352556,-0.9652368368252375,0.9652368368252375,1.0
CHEMBL1469743,O=Cc1ccc2oc3nc4n(c(=O)c3c(=O)c2c1)CCCS4,4.7495646268662846,4.7495646268662846,5.077547181940252,0.3279825550739677,0.3279825550739677,0.23376623376623376
CHEMBL205614,COc1ccc2c(c1C)c(=O)oc1c(C)c(O)ccc12,6.0,6.0,5.374374681855106,-0.6256253181448939,0.6256253181448939,0.7
CHEMBL5081355,CC/C(=C(\c1ccccc1)c1cccc(OCCN2CCCC2)c1)c1ccccc1,7.091514981121351,7.091514981121351,6.700898193451791,-0.3906167876695603,0.3906167876695603,1.0
CHEMBL5404753,C[C@@H]1Cc2c([nH]c3ccccc23)[C@@H](c2cccc(OCCNCCCF)c2)N1CC(F)(F)F,8.79997073344623,8.79997073344623,8.041316703547023,-0.7586540298992066,0.7586540298992066,0.8428571428571429
CHEMBL4803501,OCCC/C(=C(\c1ccc(O)cc1)c1ccc(OCCN2CCOCC2)cc1)c1ccccc1,5.670602120638957,5.670602120638957,6.740933059550488,1.070330938911531,1.070330938911531,0.8235294117647058
CHEMBL1580036,Cc1ccc(S(=O)(=O)Cc2ccc(C(=O)O)o2)cc1,4.741822153600847,4.741822153600847,5.197939977257717,0.4561178236568706,0.4561178236568706,0.5686274509803921
CHEMBL3427385,O=C(O)/C=C/c1ccc(Cc2c(-c3ccccc3)c(=O)oc3cc(O)ccc23)cc1,8.09151498112135,8.09151498112135,7.145107595612119,-0.9464073855092305,0.9464073855092305,0.8333333333333334
CHEMBL4225599,COc1ccc2c(c1)OCCC(c1ccc(O)cc1)=C2c1ccc(OCC(=O)O)cc1,6.367542707815276,6.367542707815276,7.450566408315224,1.0830237004999477,1.0830237004999477,0.7857142857142857
CHEMBL232023,Cc1c(/C=N/O)c2ccccc2n1-c1ccc(O)c(F)c1,6.525783735923745,6.525783735923745,5.9354073781891765,-0.5903763577345682,0.5903763577345682,0.6888888888888889
CHEMBL226379,Oc1ccc2c(Oc3ccc(OCCN4CCCCC4)cc3)c(-c3ccc(NCCCl)cc3)sc2c1,7.448550002027125,7.448550002027125,7.375584153628845,-0.07296584839828046,0.07296584839828046,0.7941176470588235
CHEMBL5935056,C[C@@H]1Cc2c(ccc3[nH]ncc23)[C@@H](c2cnc(NC3CN(CCCF)C3)cn2)N1CC1(F)CC1,8.086186147616283,8.086186147616283,7.7008677686302685,-0.38531837898601484,0.38531837898601484,0.8266666666666667
CHEMBL380452,C/C=C/c1cccc2c(=O)oc3c(C)c(O)ccc3c12,5.518557371497695,5.518557371497695,5.528945351981593,0.010387980483898218,0.010387980483898218,0.5714285714285714
CHEMBL1390963,COc1cccc2sc(Nc3nnc(-c4ccc(F)cc4)o3)nc12,4.6026764319041735,4.6026764319041735,4.812319363142636,0.2096429312384629,0.2096429312384629,0.26582278481012656
CHEMBL3214324,CN(/N=C/c1cccnc1)c1cnn(-c2ccc(F)c(Cl)c2)c(=O)c1Cl,4.747933049407164,4.747933049407164,4.7987279338886575,0.05079488448149316,0.05079488448149316,0.19480519480519481
CHEMBL4227113,O=C(/C=C/c1ccc(C2=C(c3ccc(O)cc3)CCOc3cc(F)ccc32)cc1)Nc1ccccc1,7.931814138253839,7.931814138253839,7.291171953599841,-0.6406421846539976,0.6406421846539976,0.7666666666666667
CHEMBL181862,Oc1ccc([C@H]2Sc3cc(O)ccc3O[C@H]2c2ccc(OCCN3CC[C@@H]4C[C@@H]43)cc2)cc1,9.30102999566398,9.30102999566398,9.062408508661997,-0.23862148700198205,0.23862148700198205,1.0
CHEMBL1525366,CCOC(=O)C1CCCN(C(=O)c2cc3ncc(Br)cn3n2)C1,4.684427835395459,4.684427835395459,4.7168675039589285,0.03243966856346958,0.03243966856346958,0.47761194029850745
CHEMBL5971212,C[C@@H]1Cc2c(ccc3[nH]nc(F)c23)[C@@H](c2ccc(NC3CN(CCCF)C3)cn2)N1CC(F)(F)CO,9.05551732784983,9.05551732784983,8.457669953415333,-0.5978473744344974,0.5978473744344974,0.8666666666666667
CHEMBL4225156,CCN(CC)C(=O)/C=C/c1ccc(C2=C(c3ccc(O)cc3)CCOc3cc(F)ccc32)cc1,6.45717457304082,6.45717457304082,7.30109178828646,0.8439172152456393,0.8439172152456393,0.75
CHEMBL181369,C[C@@H]1c2c(ccc(O)c2F)O[C@@H](c2ccc(OCCN3CCCC3)cc2)[C@H]1c1ccc(O)cc1,9.045757490560677,9.045757490560677,8.819060308807584,-0.22669718175309228,0.22669718175309228,0.9821428571428571
CHEMBL3098273,CCCCCCNCCOc1ccc(/C(=C(/CC)c2ccccc2)c2ccc(O)cc2)cc1,6.82102305270683,6.82102305270683,7.532460502870236,0.7114374501634053,0.7114374501634053,1.0
CHEMBL196836,Oc1ccc2c(c1)sc1c3ccccc3n(Cc3ccc(OCCN4CCOCC4)cc3)c21,6.899629454882437,6.899629454882437,7.573052077165919,0.673422622283482,0.673422622283482,0.8688524590163934
CHEMBL3427411,Cc1cc(F)ccc1-c1c(Cc2ccc(/C=C/C(=O)O)cc2)c2ccc(C(F)F)cc2oc1=O,6.4089353929735005,6.4089353929735005,7.692912451548313,1.2839770585748127,1.2839770585748127,0.796875
CHEMBL4203135,O=C1CCC2=C1C(c1cc3ccccc3n1Cc1ccccc1)C1=C(CCC1=O)O2,4.290814870449754,4.290814870449754,5.880523433860889,1.5897085634111345,1.5897085634111345,0.7321428571428571
CHEMBL327471,Cc1cc(O)cc2c1O[C@H](c1ccc(OCCN3CCCCC3)cc1)[C@H](c1ccc(O)cc1)S2,8.275724130399212,8.275724130399212,8.509862320987212,0.23413819058800023,0.23413819058800023,0.746031746031746
CHEMBL202894,CCc1nc2cc(O)cc(O)c2c(=O)n1-c1ccc(O)cc1,4.711370765335011,4.711370765335011,5.196105210710325,0.48473444537531396,0.48473444537531396,0.813953488372093
CHEMBL3199523,Cc1cc(C)c(S(=O)(=O)/N=C2\C=CC(=O)C(Cl)=C2)c(C)c1,4.9878058383291775,4.9878058383291775,5.5839036006557246,0.5960977623265471,0.5960977623265471,0.21428571428571427
CHEMBL4782243,C[C@]12CC[C@@H]3c4ccc(O)cc4C[C@@H](CCCCCCCCC[S@@](=N)(=O)CCCC(F)(F)C(F)(F)F)[C@H]3[C@@H]1CC[C@@H]2O,8.744727494896694,8.744727494896694,8.068506469026737,-0.6762210258699568,0.6762210258699568,0.7397260273972602
CHEMBL204642,C=C[C@]12CC[C@H](O)CC1=CCC1C2CC[C@@]2(C)C1CC[C@]2(C)O,5.9775716288145135,5.9775716288145135,5.880614937760957,-0.0969566910535562,0.0969566910535562,1.0
CHEMBL1395826,O=C(CCCCCn1c(=S)[nH]c2ccccc2c1=O)N1CCC(O)(c2ccc(Cl)cc2)CC1,7.096910013008056,7.096910013008056,6.338894164030213,-0.758015848977843,0.758015848977843,0.6875
CHEMBL304552,Oc1ccc([C@H]2Sc3cc(O)ccc3O[C@H]2c2ccc(OCCN3CCCCC3)cc2)cc1,9.038082842323822,9.038082842323822,8.335631799502584,-0.702451042821238,0.702451042821238,1.0
CHEMBL3657144,Cc1c(-c2ccc(O)cc2)n(Cc2ccc(OCCN3CCCCCCC3)cc2)c2ccc(O)cc12,7.522878745280337,7.522878745280337,7.200082792673913,-0.32279595260642413,0.32279595260642413,1.0
CHEMBL185083,Oc1ccc([C@H]2Sc3cc(O)ccc3O[C@H]2c2ccc(OCCN3CC4(CCC4)C3)cc2)cc1,9.397940008672036,9.397940008672036,8.631378803889904,-0.766561204782132,0.766561204782132,0.819672131147541
CHEMBL369991,CC/C=C\[C@]12CC[C@H](O)CC1=CCC1C2CC[C@@]2(C)C1CC[C@@H]2O,5.5168407902830205,5.5168407902830205,5.870824631615322,0.3539838413323011,0.3539838413323011,0.7843137254901961
CHEMBL3213380,CCOC(=O)C1=c2/c(=C/c3ccccc3OC)c(N)c(C#N)n2C(=O)C(c2ccccc2OC)S1,5.008835970808347,5.008835970808347,6.20938832862067,1.200552357812323,1.200552357812323,0.25842696629213485
CHEMBL211666,O=C1CC[C@@]2(CC3CC3)Cc3c(ccc4[nH]ncc34)C2=C1Br,6.638272163982407,6.638272163982407,6.205141172080606,-0.43313099190180093,0.43313099190180093,0.8181818181818182
CHEMBL441457,Oc1ccc([C@@H]2Sc3cc(O)cc(Cl)c3O[C@@H]2c2ccc(OCCN3CCCCC3)cc2)cc1,8.275724130399212,8.275724130399212,8.32836720043804,0.052643070038827844,0.052643070038827844,0.7377049180327869
CHEMBL279301,CC/C(=C(/c1ccc(O)cc1)c1ccc(OCCN(C)C)cc1)c1ccccc1,8.649751981665837,8.649751981665837,8.374228989173671,-0.2755229924921654,0.2755229924921654,1.0
CHEMBL1421864,CCOC(=O)C1=C(C)S/C(=C\N(C)C)C1=O,4.394716507469749,4.394716507469749,5.146308840625869,0.7515923331561201,0.7515923331561201,0.25287356321839083
CHEMBL1082224,Oc1ccc2c(c1)OCCC1=C2[C@@H](c2ccc(OCCN3CCCCCC3)cc2)Oc2cc(F)ccc21,8.481486060122112,8.481486060122112,8.16723998027001,-0.3142460798521025,0.3142460798521025,1.0
CHEMBL1484998,O=C(NCc1ccco1)c1cc2cc3ccc(Cl)cc3nc2o1,4.751930806864504,4.751930806864504,4.943761528590367,0.19183072172586346,0.19183072172586346,0.5263157894736842
CHEMBL3657138,COc1ccc(-c2c(C)c3cc(O)ccc3n2Cc2ccc(OCCN3CCCCC3)cc2)cc1,6.522878745280337,6.522878745280337,7.024894506665084,0.5020157613847465,0.5020157613847465,0.9107142857142857
CHEMBL2407651,C[C@H](c1ccc(F)cc1)N1C(=O)O[C@](Cc2ccc(F)cc2)(C(=O)NCc2ccc(Cl)c(Cl)c2)C1=O,5.136677139879544,5.136677139879544,6.437597540919454,1.3009204010399102,1.3009204010399102,0.23157894736842105
CHEMBL319211,CC1(c2ccc(OCCN3CCCC3)cc2)c2ccc(O)cc2CCN1c1cccc(F)c1,7.965971109326581,7.965971109326581,8.008831638428864,0.042860529102282996,0.042860529102282996,0.8666666666666667
CHEMBL198204,C#Cc1cc(-c2cc(F)c(O)c(F)c2)nc2ccc(O)cc12,5.31695296176115,5.31695296176115,6.036398558279559,0.7194455965184083,0.7194455965184083,0.7674418604651163
CHEMBL3775766,CC(C)CN1[C@H](c2c(F)cc(/C=C/C(=O)O)cc2F)c2ccc(O)cc2CC1(C)C,8.744727494896694,8.744727494896694,7.987573139876601,-0.7571543550200923,0.7571543550200923,0.8524590163934426
CHEMBL5399407,COc1ccc(OCCNCCCF)cc1[C@@H]1c2[nH]c3ccccc3c2C[C@@H](C)N1CC(F)F,8.700057099977233,8.700057099977233,8.214175443413314,-0.4858816565639188,0.4858816565639188,0.8873239436619719
CHEMBL5985085,C[C@@H]1Cc2c(ccc3[nH]ncc23)[C@@H](c2c(F)cc(NC3CN(CCCF)C3)cc2F)N1CC(F)F,8.823908740944319,8.823908740944319,8.395562705624917,-0.42834603531940196,0.42834603531940196,0.8333333333333334
CHEMBL1784260,COc1cc(O)c(/C=C\C(C)(C)O)c(O)c1C(=O)/C=C/c1ccc(O)cc1,4.096910013008056,4.096910013008056,5.208023593936911,1.1111135809288548,1.1111135809288548,0.45454545454545453
